Stage;Segment;Experience Level;Product Tier;CampaignType;Industry;Market Maturity;Territory;Country;State Province;Created Date;CloseDate;Status;Units;Revenue;ClosePct;Product Name;Product Category;List Price
Negotiation;Enterprise;Junior;Basic;Webinar;Healthcare;Emerging;LATAM;Brazil;São Paulo;2023-01-02;2023-01-13;Won;688;88864,03;0,7;Parental Control Suite;Software;129
Qualification;Mid-Market;Mid-Level;Standard;Conference;Healthcare;Growth;APAC;Australia;Victoria;2023-01-02;2023-01-24;Won;310;56233,8;0,3;Office Suite Basic;Software;181
Negotiation;Enterprise;Senior;Basic;Conference;Finance;Mature;North America;United States;Washington;2023-01-10;2023-01-25;Won;1279;110008,88;0,8;Travel Adapter Kit;Accessories;86
Negotiation;Mid-Market;Senior;Premium;Email Campaign;Manufacturing;Mature;North America;United States;Washington;2023-01-12;2023-01-30;Won;92;79468,67;0,7;Extended Warranty;Services;855
Prospecting;Mid-Market;Mid-Level;Standard;Webinar;Retail;Mature;EMEA;Denmark;Hovedstaden;2023-01-14;2023-02-01;Lost;366;58657,86;0,2;Office Suite Enterprise;Software;160
Prospecting;Mid-Market;Principal;Standard;Partner Program;Technology;Growth;APAC;Australia;New South Wales;2023-01-09;2023-02-01;Lost;291;52707,62;0,0;Office Suite Basic;Software;181
Negotiation;Mid-Market;Junior;Basic;Digital Ads;Education;Mature;EMEA;Spain;Madrid;2023-01-19;2023-02-01;Lost;240;31018,74;0,7;Parental Control Suite;Software;129
Final Review;Mid-Market;Mid-Level;Standard;Conference;Healthcare;Mature;EMEA;Germany;Bavaria;2023-01-09;2023-02-08;Won;393;62993,18;0,9;Office Suite Enterprise;Software;160
Negotiation;Mid-Market;Senior;Standard;Digital Ads;Government;Emerging;LATAM;Brazil;Rio de Janeiro;2023-01-20;2023-02-10;Won;131;32022,77;0,8;ReadingPlus Annual;Software;244
Negotiation;Enterprise;Senior;Basic;Email Campaign;Healthcare;Mature;North America;Canada;Ontario;2023-01-02;2023-02-10;Won;698;81679,19;0,8;Cloud Sync Pro;Software;117
Qualification;Enterprise;Principal;Standard;Partner Program;Retail;Growth;APAC;Japan;Osaka;2023-01-17;2023-02-11;Won;399;157193,05;0,2;Installation Service;Services;393
Negotiation;Mid-Market;Junior;Standard;Email Campaign;Government;Mature;EMEA;Denmark;Jylland;2023-01-21;2023-02-11;Won;232;42116,92;0,7;Office Suite Basic;Software;181
Negotiation;Mid-Market;Mid-Level;Premium;Partner Program;Government;Mature;North America;Canada;British Columbia;2023-01-22;2023-02-13;Won;36;50704,96;0,6;Onsite Training;Services;1382
Qualification;Mid-Market;Principal;Premium;Partner Program;Government;Growth;APAC;India;Delhi;2023-01-21;2023-02-14;Won;24;33477,21;0,2;Onsite Training;Services;1382
Qualification;Enterprise;Senior;Standard;Webinar;Retail;Mature;North America;United States;New York;2023-01-28;2023-02-18;Lost;492;98996,87;0,3;Smart Speaker Mini;Devices;201
Prospecting;Mid-Market;Senior;Premium;Webinar;Technology;Growth;APAC;Australia;Victoria;2023-01-24;2023-02-18;Lost;54;42766,9;0,0;"E-reader Platinum 8"" 32 GB";Devices;780
Negotiation;Mid-Market;Principal;Basic;Webinar;Education;Mature;EMEA;France;Auvergne-Rhône-Alpes;2023-01-05;2023-02-19;Won;1075;31194,05;0,7;Stylus Pro;Accessories;29
Prospecting;Mid-Market;Senior;Premium;Conference;Government;Mature;North America;United States;New York;2023-01-19;2023-02-20;Lost;74;51524,4;0,1;"Tablet Pro 11"" 128 GB";Devices;694
Prospecting;Mid-Market;Junior;Premium;Conference;Government;Mature;EMEA;United Kingdom;Scotland;2023-02-11;2023-02-24;Lost;28;38840,17;0,1;Onsite Training;Services;1382
Prospecting;Enterprise;Mid-Level;Premium;Conference;Education;Mature;EMEA;Germany;Hesse;2023-02-09;2023-02-24;Won;113;88890,35;0,0;"E-reader Platinum 8"" 32 GB";Devices;780
Proposal;Mid-Market;Senior;Premium;Email Campaign;Finance;Mature;North America;United States;New York;2023-01-04;2023-02-24;Lost;91;78337,38;0,5;Extended Warranty;Services;855
Prospecting;Mid-Market;Principal;Basic;Partner Program;Technology;Growth;APAC;Japan;Tokyo;2023-02-15;2023-02-27;Lost;682;68243,29;0,1;"E-reader Lite 6"" 8 GB";Devices;100
Proposal;Mid-Market;Senior;Basic;Digital Ads;Government;Emerging;LATAM;Mexico;Mexico City;2023-02-12;2023-03-02;Won;1054;30594,16;0,5;Stylus Pro;Accessories;29
Proposal;Enterprise;Junior;Basic;Digital Ads;Finance;Growth;APAC;India;Maharashtra;2023-01-20;2023-03-04;Won;893;89310,96;0,4;"E-reader Lite 6"" 8 GB";Devices;100
Negotiation;Enterprise;Mid-Level;Premium;Digital Ads;Healthcare;Mature;North America;United States;Texas;2023-01-30;2023-03-05;Lost;182;99646,41;0,7;Smart Speaker Max;Devices;546
Negotiation;Enterprise;Mid-Level;Premium;Email Campaign;Finance;Mature;EMEA;United Kingdom;England;2023-02-23;2023-03-05;Won;121;167280,91;0,6;Onsite Training;Services;1382
Qualification;Mid-Market;Mid-Level;Basic;Partner Program;Government;Mature;EMEA;Germany;Hesse;2023-02-10;2023-03-06;Won;301;35296,01;0,4;Cloud Sync Pro;Software;117
Proposal;Mid-Market;Principal;Standard;Webinar;Retail;Mature;North America;Canada;Quebec;2023-01-30;2023-03-10;Won;352;56421,73;0,6;Office Suite Enterprise;Software;160
Qualification;Enterprise;Junior;Basic;Digital Ads;Manufacturing;Mature;EMEA;United Kingdom;England;2023-02-12;2023-03-11;Lost;1328;132877,83;0,3;"E-reader Lite 6"" 8 GB";Devices;100
Qualification;Mid-Market;Principal;Basic;Conference;Government;Mature;EMEA;Spain;Madrid;2023-02-18;2023-03-12;Lost;336;39382,45;0,4;Cloud Sync Pro;Software;117
Final Review;Mid-Market;Senior;Basic;Email Campaign;Healthcare;Mature;North America;United States;Texas;2023-02-17;2023-03-13;Won;362;42468,46;0,9;"Protective Case 6""";Accessories;117
Qualification;Enterprise;Mid-Level;Standard;Conference;Manufacturing;Mature;North America;United States;New York;2023-02-08;2023-03-13;Lost;364;89011,59;0,4;ReadingPlus Annual;Software;244
Prospecting;Mid-Market;Principal;Basic;Webinar;Finance;Growth;APAC;Japan;Osaka;2023-02-02;2023-03-14;Lost;721;47643,24;0,0;Wireless Charger Pad;Accessories;66
Negotiation;Mid-Market;Mid-Level;Premium;Digital Ads;Government;Emerging;LATAM;Mexico;Jalisco;2023-03-01;2023-03-14;Lost;101;55184,08;0,7;Smart Speaker Max;Devices;546
Qualification;Enterprise;Principal;Premium;Digital Ads;Healthcare;Mature;North America;United States;Washington;2023-01-11;2023-03-14;Won;174;121096,85;0,2;"Tablet Pro 11"" 128 GB";Devices;694
Prospecting;Mid-Market;Senior;Basic;Email Campaign;Manufacturing;Mature;North America;United States;California;2023-02-03;2023-03-14;Lost;233;20072,07;0,0;Travel Adapter Kit;Accessories;86
Prospecting;Mid-Market;Junior;Basic;Email Campaign;Manufacturing;Emerging;LATAM;Mexico;Jalisco;2023-02-05;2023-03-15;Lost;374;48295,94;0,1;Parental Control Suite;Software;129
Proposal;Mid-Market;Mid-Level;Basic;Conference;Government;Mature;EMEA;Germany;Bavaria;2023-02-23;2023-03-15;Lost;173;22317,37;0,6;Parental Control Suite;Software;129
Proposal;Mid-Market;Mid-Level;Premium;Email Campaign;Finance;Growth;APAC;Japan;Osaka;2023-02-27;2023-03-16;Lost;42;63148,63;0,5;Data Migration;Services;1487
Negotiation;Mid-Market;Senior;Basic;Digital Ads;Finance;Growth;APAC;India;Delhi;2023-02-25;2023-03-17;Won;580;67892,33;0,7;Cloud Sync Pro;Software;117
Prospecting;Mid-Market;Mid-Level;Premium;Conference;Manufacturing;Growth;APAC;Japan;Osaka;2023-02-07;2023-03-17;Lost;96;75221,33;0,0;"E-reader Platinum 8"" 32 GB";Devices;780
Prospecting;Mid-Market;Mid-Level;Basic;Webinar;Manufacturing;Mature;North America;United States;New York;2023-02-18;2023-03-19;Won;874;57692,96;0,2;Wireless Charger Pad;Accessories;66
Proposal;Enterprise;Mid-Level;Premium;Webinar;Finance;Mature;North America;United States;California;2023-01-17;2023-03-19;Won;309;241266,5;0,6;"E-reader Platinum 8"" 32 GB";Devices;780
Prospecting;Mid-Market;Senior;Basic;Partner Program;Technology;Mature;North America;United States;Washington;2023-02-04;2023-03-20;Lost;408;40895,32;0,0;"E-reader Lite 6"" 8 GB";Devices;100
Prospecting;Mid-Market;Mid-Level;Standard;Partner Program;Government;Mature;North America;United States;California;2023-02-22;2023-03-22;Won;243;38957,1;0,1;Office Suite Enterprise;Software;160
Negotiation;Mid-Market;Mid-Level;Premium;Conference;Finance;Emerging;LATAM;Mexico;Mexico City;2023-01-30;2023-03-22;Won;57;48906,5;0,7;Extended Warranty;Services;855
Prospecting;SMB;Mid-Level;Basic;Partner Program;Government;Mature;EMEA;Germany;Hesse;2023-02-06;2023-03-23;Won;283;18680,97;0,2;Wireless Charger Pad;Accessories;66
Negotiation;Enterprise;Principal;Premium;Conference;Healthcare;Mature;North America;Canada;British Columbia;2023-03-02;2023-03-24;Won;75;103848,37;0,6;Onsite Training;Services;1382
Qualification;Enterprise;Senior;Premium;Partner Program;Manufacturing;Mature;EMEA;France;Île-de-France;2023-02-18;2023-03-26;Lost;197;154413;0,3;"E-reader Platinum 8"" 32 GB";Devices;780
Proposal;Enterprise;Mid-Level;Basic;Webinar;Finance;Growth;APAC;India;Delhi;2023-03-04;2023-03-27;Won;960;82602,06;0,5;Travel Adapter Kit;Accessories;86
Proposal;Mid-Market;Junior;Premium;Partner Program;Government;Growth;APAC;India;Maharashtra;2023-03-04;2023-03-27;Won;46;37917,8;0,5;Premium Support;Services;819
Proposal;Enterprise;Principal;Premium;Webinar;Finance;Mature;North America;Canada;Ontario;2023-02-11;2023-03-28;Won;189;103551,76;0,5;Smart Speaker Max;Devices;546
Qualification;Mid-Market;Mid-Level;Premium;Digital Ads;Finance;Mature;North America;United States;Texas;2023-01-23;2023-03-28;Won;73;60492,81;0,4;Premium Support;Services;819
Negotiation;Mid-Market;Mid-Level;Basic;Webinar;Technology;Mature;EMEA;France;Auvergne-Rhône-Alpes;2023-02-08;2023-03-29;Lost;211;22648,9;0,7;Premium Headphones;Accessories;107
Negotiation;Enterprise;Mid-Level;Premium;Conference;Retail;Growth;APAC;India;Karnataka;2023-01-15;2023-03-29;Won;127;88365,87;0,7;"Tablet Pro 11"" 128 GB";Devices;694
Prospecting;Mid-Market;Principal;Basic;Email Campaign;Healthcare;Mature;EMEA;France;Auvergne-Rhône-Alpes;2023-02-11;2023-03-30;Lost;535;62700,82;0,0;"Protective Case 6""";Accessories;117
Final Review;Mid-Market;Senior;Basic;Email Campaign;Finance;Mature;EMEA;France;Île-de-France;2023-03-17;2023-03-31;Won;355;41638,61;1,0;"Protective Case 6""";Accessories;117
Prospecting;Mid-Market;Junior;Basic;Webinar;Manufacturing;Mature;EMEA;Spain;Catalonia;2023-03-12;2023-03-31;Lost;493;63658,96;0,1;Parental Control Suite;Software;129
Proposal;Mid-Market;Senior;Basic;Webinar;Healthcare;Growth;APAC;India;Maharashtra;2023-01-31;2023-04-01;Won;539;57690,79;0,5;Premium Headphones;Accessories;107
Proposal;Mid-Market;Principal;Basic;Conference;Manufacturing;Growth;APAC;Australia;Victoria;2023-01-19;2023-04-01;Won;1023;29683,91;0,6;Stylus Pro;Accessories;29
Qualification;Mid-Market;Junior;Basic;Conference;Government;Mature;EMEA;France;Île-de-France;2023-03-20;2023-04-02;Lost;278;32568,75;0,2;"Protective Case 6""";Accessories;117
Qualification;Mid-Market;Senior;Premium;Conference;Retail;Mature;EMEA;Denmark;Hovedstaden;2023-03-02;2023-04-02;Lost;106;58202,57;0,4;Smart Speaker Max;Devices;546
Proposal;Mid-Market;Senior;Basic;Digital Ads;Manufacturing;Growth;APAC;India;Delhi;2023-03-16;2023-04-02;Lost;429;28372,79;0,6;Wireless Charger Pad;Accessories;66
Prospecting;Mid-Market;Senior;Premium;Webinar;Government;Mature;EMEA;Denmark;Hovedstaden;2023-02-21;2023-04-03;Lost;91;49823,39;0,1;Smart Speaker Max;Devices;546
Proposal;Mid-Market;Junior;Basic;Digital Ads;Manufacturing;Growth;APAC;India;Karnataka;2023-03-11;2023-04-03;Lost;331;38799,15;0,5;"Protective Case 6""";Accessories;117
Prospecting;Mid-Market;Mid-Level;Basic;Email Campaign;Technology;Growth;APAC;Japan;Osaka;2023-02-20;2023-04-05;Lost;611;40326,38;0,0;Wireless Charger Pad;Accessories;66
Proposal;Mid-Market;Principal;Standard;Webinar;Healthcare;Mature;EMEA;Germany;Bavaria;2023-01-16;2023-04-06;Won;201;79297,96;0,5;Installation Service;Services;393
Negotiation;Mid-Market;Senior;Premium;Conference;Healthcare;Mature;EMEA;Germany;Hesse;2023-02-08;2023-04-06;Won;66;54651,7;0,6;Premium Support;Services;819
Qualification;Mid-Market;Principal;Basic;Email Campaign;Manufacturing;Mature;North America;United States;California;2023-03-15;2023-04-09;Won;1021;29617,78;0,4;Stylus Pro;Accessories;29
Proposal;Enterprise;Principal;Premium;Webinar;Finance;Emerging;LATAM;Brazil;São Paulo;2023-03-25;2023-04-10;Won;119;164795,11;0,5;Onsite Training;Services;1382
Qualification;Mid-Market;Principal;Basic;Webinar;Manufacturing;Mature;North America;Canada;Ontario;2023-03-12;2023-04-12;Won;212;24849,7;0,3;"Protective Case 6""";Accessories;117
Negotiation;Mid-Market;Senior;Premium;Email Campaign;Manufacturing;Mature;EMEA;Denmark;Hovedstaden;2023-03-07;2023-04-12;Lost;141;77353,58;0,7;Smart Speaker Max;Devices;546
Prospecting;Mid-Market;Principal;Premium;Partner Program;Government;Mature;EMEA;Germany;Bavaria;2023-03-04;2023-04-13;Lost;42;23084,32;0,0;Smart Speaker Max;Devices;546
Qualification;Enterprise;Mid-Level;Basic;Digital Ads;Healthcare;Emerging;LATAM;Mexico;Mexico City;2023-03-11;2023-04-17;Won;1190;119077,94;0,3;"E-reader Lite 6"" 8 GB";Devices;100
Negotiation;Enterprise;Junior;Standard;Email Campaign;Finance;Mature;EMEA;Germany;Hesse;2023-03-25;2023-04-17;Won;435;171206,16;0,6;Installation Service;Services;393
Prospecting;Mid-Market;Principal;Basic;Digital Ads;Manufacturing;Mature;EMEA;United Kingdom;Scotland;2023-03-22;2023-04-17;Lost;570;49073,28;0,0;Travel Adapter Kit;Accessories;86
Proposal;Enterprise;Mid-Level;Premium;Conference;Healthcare;Mature;EMEA;France;Île-de-France;2023-02-17;2023-04-18;Lost;140;115139,73;0,4;Premium Support;Services;819
Proposal;Mid-Market;Mid-Level;Basic;Partner Program;Manufacturing;Mature;EMEA;United Kingdom;Scotland;2023-03-21;2023-04-18;Won;364;42608,62;0,5;"Protective Case 6""";Accessories;117
Negotiation;Enterprise;Senior;Standard;Webinar;Finance;Growth;APAC;India;Maharashtra;2023-03-15;2023-04-19;Won;914;146331,48;0,7;Office Suite Enterprise;Software;160
Proposal;Mid-Market;Principal;Premium;Conference;Finance;Emerging;LATAM;Brazil;Rio de Janeiro;2023-03-09;2023-04-19;Won;92;75609,75;0,5;Premium Support;Services;819
Proposal;Mid-Market;Senior;Standard;Digital Ads;Manufacturing;Mature;North America;Canada;Ontario;2023-02-25;2023-04-21;Lost;357;64795,62;0,4;Office Suite Basic;Software;181
Proposal;Enterprise;Mid-Level;Standard;Conference;Finance;Mature;EMEA;Denmark;Jylland;2023-02-03;2023-04-21;Won;463;83916,29;0,6;Office Suite Basic;Software;181
Negotiation;Mid-Market;Principal;Basic;Conference;Technology;Mature;EMEA;Denmark;Jylland;2023-03-07;2023-04-22;Won;595;39284,06;0,7;Wireless Charger Pad;Accessories;66
Final Review;Mid-Market;Principal;Basic;Conference;Education;Mature;North America;Canada;British Columbia;2023-04-10;2023-04-22;Lost;654;43194,66;0,8;Wireless Charger Pad;Accessories;66
Prospecting;Mid-Market;Junior;Standard;Conference;Technology;Mature;EMEA;United Kingdom;Scotland;2023-03-06;2023-04-23;Lost;199;40088,75;0,2;Smart Speaker Mini;Devices;201
Prospecting;Mid-Market;Mid-Level;Premium;Webinar;Technology;Growth;APAC;India;Maharashtra;2023-03-06;2023-04-23;Lost;81;66360,83;0,1;Premium Support;Services;819
Proposal;Enterprise;Principal;Basic;Conference;Education;Mature;North America;Canada;British Columbia;2023-03-04;2023-04-25;Lost;685;80234,7;0,5;Cloud Sync Pro;Software;117
Qualification;Enterprise;Mid-Level;Premium;Email Campaign;Manufacturing;Growth;APAC;India;Maharashtra;2023-03-02;2023-04-26;Lost;135;111193,21;0,2;Premium Support;Services;819
Proposal;Mid-Market;Junior;Premium;Partner Program;Manufacturing;Growth;APAC;Japan;Tokyo;2023-02-23;2023-04-26;Won;30;41905,58;0,4;Onsite Training;Services;1382
Qualification;Mid-Market;Principal;Basic;Partner Program;Retail;Mature;North America;Canada;British Columbia;2023-02-19;2023-04-27;Won;603;70562,4;0,3;"Protective Case 6""";Accessories;117
Proposal;Mid-Market;Principal;Basic;Webinar;Healthcare;Mature;EMEA;Germany;Bavaria;2023-03-08;2023-04-28;Won;1905;55251,77;0,4;Stylus Pro;Accessories;29
Prospecting;Mid-Market;Mid-Level;Basic;Email Campaign;Finance;Emerging;LATAM;Brazil;São Paulo;2023-04-06;2023-04-30;Lost;328;35180,78;0,1;Premium Headphones;Accessories;107
Prospecting;Mid-Market;Senior;Premium;Conference;Education;Mature;EMEA;France;Île-de-France;2023-02-25;2023-05-01;Lost;50;43435,33;0,0;Extended Warranty;Services;855
Prospecting;Mid-Market;Junior;Standard;Digital Ads;Finance;Mature;EMEA;Spain;Catalonia;2023-04-04;2023-05-02;Lost;438;70190,26;0,0;Office Suite Enterprise;Software;160
Proposal;Mid-Market;Junior;Basic;Digital Ads;Healthcare;Mature;EMEA;Denmark;Jylland;2023-02-08;2023-05-02;Won;553;36541,05;0,6;Wireless Charger Pad;Accessories;66
Proposal;Enterprise;Mid-Level;Premium;Conference;Manufacturing;Mature;North America;Canada;British Columbia;2023-02-16;2023-05-03;Won;60;89229,91;0,4;Data Migration;Services;1487
Negotiation;Mid-Market;Junior;Basic;Email Campaign;Healthcare;Mature;EMEA;France;Auvergne-Rhône-Alpes;2023-04-21;2023-05-04;Lost;610;40283,74;0,6;Wireless Charger Pad;Accessories;66
Prospecting;Mid-Market;Junior;Standard;Digital Ads;Healthcare;Emerging;LATAM;Mexico;Mexico City;2023-02-18;2023-05-04;Lost;150;59063,31;0,1;Installation Service;Services;393
Final Review;Enterprise;Senior;Basic;Partner Program;Finance;Mature;North America;United States;New York;2023-04-18;2023-05-04;Lost;701;82109,4;0,8;Cloud Sync Pro;Software;117
Proposal;Mid-Market;Senior;Basic;Email Campaign;Government;Mature;EMEA;Germany;Hesse;2023-04-03;2023-05-06;Lost;340;22462,32;0,6;Wireless Charger Pad;Accessories;66
Negotiation;Enterprise;Mid-Level;Premium;Partner Program;Technology;Mature;North America;United States;Texas;2023-03-13;2023-05-07;Won;121;84518,73;0,7;"Tablet Pro 11"" 128 GB";Devices;694
Prospecting;Mid-Market;Junior;Premium;Conference;Healthcare;Mature;North America;Canada;Quebec;2023-04-17;2023-05-07;Lost;89;49018,36;0,1;Smart Speaker Max;Devices;546
Prospecting;Enterprise;Senior;Premium;Digital Ads;Manufacturing;Mature;North America;United States;New York;2023-04-25;2023-05-07;Lost;86;119260,95;0,1;Onsite Training;Services;1382
Prospecting;Mid-Market;Senior;Basic;Partner Program;Finance;Mature;EMEA;United Kingdom;England;2023-04-12;2023-05-08;Lost;472;31199,26;0,2;Wireless Charger Pad;Accessories;66
Proposal;Enterprise;Principal;Premium;Partner Program;Finance;Mature;North America;United States;Washington;2023-04-25;2023-05-08;Won;77;114772,17;0,5;Data Migration;Services;1487
Proposal;Mid-Market;Mid-Level;Standard;Digital Ads;Retail;Emerging;LATAM;Brazil;Rio de Janeiro;2023-02-10;2023-05-09;Lost;280;56310,01;0,4;Smart Speaker Mini;Devices;201
Proposal;Enterprise;Mid-Level;Standard;Conference;Healthcare;Emerging;LATAM;Mexico;Jalisco;2023-03-19;2023-05-10;Won;599;95914,6;0,4;Office Suite Enterprise;Software;160
Qualification;Mid-Market;Senior;Premium;Email Campaign;Manufacturing;Mature;EMEA;Germany;Bavaria;2023-03-20;2023-05-10;Lost;24;36355,32;0,3;Data Migration;Services;1487
Negotiation;Mid-Market;Senior;Basic;Email Campaign;Technology;Growth;APAC;Japan;Osaka;2023-03-05;2023-05-11;Won;661;66133,87;0,6;"E-reader Lite 6"" 8 GB";Devices;100
Qualification;Mid-Market;Mid-Level;Standard;Email Campaign;Technology;Mature;North America;United States;New York;2023-04-05;2023-05-11;Lost;346;69676,08;0,2;Smart Speaker Mini;Devices;201
Proposal;Mid-Market;Mid-Level;Basic;Conference;Education;Growth;APAC;Australia;New South Wales;2023-04-27;2023-05-12;Lost;285;33357,61;0,5;"Protective Case 6""";Accessories;117
Prospecting;Mid-Market;Senior;Premium;Conference;Finance;Mature;North America;United States;New York;2023-03-26;2023-05-12;Lost;88;75821,54;0,0;Extended Warranty;Services;855
Negotiation;Mid-Market;Senior;Premium;Partner Program;Healthcare;Mature;North America;United States;Texas;2023-03-12;2023-05-13;Won;83;68497,16;0,6;Premium Support;Services;819
Proposal;Enterprise;Junior;Premium;Conference;Finance;Mature;EMEA;Spain;Catalonia;2023-03-09;2023-05-13;Won;135;115457,55;0,6;Extended Warranty;Services;855
Qualification;SMB;Mid-Level;Basic;Webinar;Technology;Growth;APAC;Japan;Osaka;2023-04-13;2023-05-14;Lost;244;16138,48;0,4;Wireless Charger Pad;Accessories;66
Negotiation;SMB;Mid-Level;Basic;Email Campaign;Technology;Emerging;LATAM;Mexico;Jalisco;2023-04-22;2023-05-14;Lost;577;16758,87;0,7;Stylus Pro;Accessories;29
Proposal;Enterprise;Mid-Level;Premium;Digital Ads;Healthcare;Mature;EMEA;Spain;Catalonia;2023-03-18;2023-05-15;Won;180;98355,9;0,6;Smart Speaker Max;Devices;546
Proposal;Mid-Market;Junior;Basic;Digital Ads;Healthcare;Mature;EMEA;France;Auvergne-Rhône-Alpes;2023-04-13;2023-05-16;Lost;461;30446,55;0,4;Wireless Charger Pad;Accessories;66
Proposal;Mid-Market;Principal;Standard;Digital Ads;Healthcare;Mature;EMEA;Spain;Madrid;2023-01-22;2023-05-18;Lost;80;31746,3;0,4;Installation Service;Services;393
Proposal;Mid-Market;Senior;Basic;Conference;Education;Mature;North America;United States;New York;2023-04-14;2023-05-18;Won;1508;43735,54;0,6;Stylus Pro;Accessories;29
Qualification;Mid-Market;Principal;Premium;Digital Ads;Healthcare;Mature;EMEA;Germany;Bavaria;2023-05-03;2023-05-19;Lost;75;59233,49;0,3;"E-reader Platinum 8"" 32 GB";Devices;780
Prospecting;SMB;Mid-Level;Basic;Partner Program;Technology;Growth;APAC;India;Maharashtra;2023-04-08;2023-05-20;Lost;167;17957,93;0,2;Premium Headphones;Accessories;107
Qualification;Enterprise;Principal;Standard;Digital Ads;Education;Mature;North America;United States;California;2023-04-20;2023-05-25;Lost;414;83380,21;0,3;Smart Speaker Mini;Devices;201
Negotiation;Mid-Market;Mid-Level;Premium;Email Campaign;Manufacturing;Mature;North America;United States;California;2023-03-29;2023-05-27;Won;81;67031,88;0,6;Premium Support;Services;819
Negotiation;Mid-Market;Junior;Basic;Digital Ads;Education;Mature;EMEA;United Kingdom;Scotland;2023-05-12;2023-05-30;Won;244;28562,78;0,6;Cloud Sync Pro;Software;117
Qualification;Mid-Market;Mid-Level;Basic;Email Campaign;Manufacturing;Mature;North America;Canada;British Columbia;2023-05-12;2023-05-31;Won;609;40258,4;0,3;Wireless Charger Pad;Accessories;66
Proposal;Mid-Market;Principal;Basic;Digital Ads;Manufacturing;Mature;EMEA;Spain;Catalonia;2023-04-09;2023-05-31;Won;481;41440,62;0,6;Travel Adapter Kit;Accessories;86
Negotiation;Enterprise;Junior;Premium;Conference;Manufacturing;Mature;North America;Canada;Ontario;2023-04-22;2023-06-02;Lost;111;95449,11;0,7;Extended Warranty;Services;855
Qualification;Mid-Market;Principal;Premium;Conference;Technology;Mature;North America;Canada;British Columbia;2023-04-27;2023-06-02;Lost;91;49973,63;0,3;Smart Speaker Max;Devices;546
Final Review;SMB;Senior;Standard;Email Campaign;Government;Mature;North America;United States;California;2023-04-06;2023-06-03;Won;106;19296,54;1,0;Office Suite Basic;Software;181
Qualification;Enterprise;Principal;Premium;Partner Program;Healthcare;Mature;EMEA;Spain;Madrid;2023-05-16;2023-06-03;Won;104;89503,59;0,3;Extended Warranty;Services;855
Proposal;Mid-Market;Mid-Level;Basic;Email Campaign;Education;Mature;EMEA;Denmark;Hovedstaden;2023-04-03;2023-06-03;Won;748;21713,17;0,6;Stylus Pro;Accessories;29
Negotiation;Mid-Market;Principal;Standard;Digital Ads;Government;Mature;EMEA;Germany;Berlin;2023-03-30;2023-06-03;Lost;278;50408,42;0,7;Office Suite Basic;Software;181
Prospecting;Mid-Market;Principal;Premium;Conference;Education;Mature;North America;Canada;Quebec;2023-05-02;2023-06-04;Lost;78;61603,92;0,1;"E-reader Platinum 8"" 32 GB";Devices;780
Prospecting;Mid-Market;Senior;Premium;Conference;Government;Mature;North America;Canada;British Columbia;2023-03-12;2023-06-05;Won;24;36613,05;0,1;Data Migration;Services;1487
Prospecting;Mid-Market;Mid-Level;Basic;Digital Ads;Manufacturing;Mature;North America;Canada;British Columbia;2023-03-18;2023-06-06;Lost;591;59114,12;0,0;"E-reader Lite 6"" 8 GB";Devices;100
Qualification;Mid-Market;Principal;Basic;Conference;Healthcare;Mature;EMEA;Denmark;Hovedstaden;2023-04-22;2023-06-06;Won;484;56636,04;0,4;Cloud Sync Pro;Software;117
Prospecting;Mid-Market;Mid-Level;Premium;Digital Ads;Finance;Mature;North America;United States;Texas;2023-04-14;2023-06-07;Lost;137;74923,47;0,0;Smart Speaker Max;Devices;546
Proposal;Mid-Market;Principal;Standard;Email Campaign;Manufacturing;Growth;APAC;Japan;Tokyo;2023-05-08;2023-06-08;Lost;281;45114,18;0,5;Office Suite Enterprise;Software;160
Prospecting;Mid-Market;Principal;Basic;Partner Program;Manufacturing;Mature;EMEA;Spain;Madrid;2023-04-24;2023-06-09;Won;778;77885,67;0,2;"E-reader Lite 6"" 8 GB";Devices;100
Negotiation;Mid-Market;Senior;Basic;Conference;Manufacturing;Growth;APAC;India;Delhi;2023-05-18;2023-06-10;Won;666;77959,7;0,8;"Protective Case 6""";Accessories;117
Negotiation;Mid-Market;Principal;Standard;Conference;Education;Mature;North America;United States;New York;2023-05-14;2023-06-13;Won;254;46010,09;0,8;Office Suite Basic;Software;181
Qualification;Mid-Market;Mid-Level;Standard;Partner Program;Finance;Growth;APAC;Australia;Victoria;2023-04-20;2023-06-15;Won;190;46426,06;0,4;ReadingPlus Annual;Software;244
Negotiation;Mid-Market;Principal;Premium;Digital Ads;Finance;Mature;North America;Canada;Ontario;2023-05-09;2023-06-17;Lost;43;60542,15;0,7;Onsite Training;Services;1382
Qualification;Enterprise;Principal;Standard;Email Campaign;Manufacturing;Mature;EMEA;Germany;Berlin;2023-05-19;2023-06-17;Lost;223;87884,65;0,3;Installation Service;Services;393
Proposal;Mid-Market;Senior;Basic;Partner Program;Finance;Mature;North America;United States;Texas;2023-05-05;2023-06-18;Won;290;34032,83;0,5;Cloud Sync Pro;Software;117
Negotiation;Mid-Market;Mid-Level;Standard;Conference;Government;Mature;EMEA;Denmark;Hovedstaden;2023-03-16;2023-06-18;Won;341;54648,85;0,7;Office Suite Enterprise;Software;160
Proposal;Enterprise;Junior;Standard;Digital Ads;Healthcare;Mature;North America;Canada;Ontario;2023-06-01;2023-06-19;Lost;546;109887,99;0,5;Smart Speaker Mini;Devices;201
Qualification;Mid-Market;Mid-Level;Basic;Webinar;Government;Emerging;LATAM;Mexico;Mexico City;2023-04-09;2023-06-20;Won;333;42982,73;0,4;Parental Control Suite;Software;129
Prospecting;Mid-Market;Senior;Standard;Digital Ads;Manufacturing;Growth;APAC;Australia;New South Wales;2023-05-15;2023-06-21;Lost;393;71165,56;0,0;Office Suite Basic;Software;181
Negotiation;Mid-Market;Principal;Basic;Email Campaign;Technology;Emerging;LATAM;Brazil;São Paulo;2023-04-04;2023-06-21;Lost;326;34930,52;0,6;Premium Headphones;Accessories;107
Proposal;Mid-Market;Senior;Premium;Partner Program;Government;Mature;EMEA;United Kingdom;Scotland;2023-05-22;2023-06-22;Lost;45;35667,53;0,6;"E-reader Platinum 8"" 32 GB";Devices;780
Negotiation;Enterprise;Principal;Premium;Digital Ads;Finance;Mature;North America;Canada;British Columbia;2023-06-03;2023-06-22;Won;135;93750,6;0,7;"Tablet Pro 11"" 128 GB";Devices;694
Qualification;Mid-Market;Mid-Level;Basic;Partner Program;Education;Mature;EMEA;Germany;Hesse;2023-04-30;2023-06-25;Lost;225;24100,58;0,4;Premium Headphones;Accessories;107
Prospecting;Mid-Market;Senior;Basic;Conference;Healthcare;Mature;EMEA;Denmark;Hovedstaden;2023-06-08;2023-06-25;Won;629;73701,72;0,1;"Protective Case 6""";Accessories;117
Proposal;Enterprise;Senior;Standard;Partner Program;Finance;Mature;EMEA;United Kingdom;Scotland;2023-06-16;2023-06-26;Won;523;83734,18;0,4;Office Suite Enterprise;Software;160
Qualification;Mid-Market;Principal;Standard;Conference;Healthcare;Mature;EMEA;United Kingdom;England;2023-04-20;2023-06-26;Won;171;67471,94;0,4;Installation Service;Services;393
Negotiation;Enterprise;Senior;Premium;Partner Program;Healthcare;Growth;APAC;Japan;Tokyo;2023-06-07;2023-06-28;Won;94;130515,42;0,8;Onsite Training;Services;1382
Prospecting;Mid-Market;Mid-Level;Basic;Partner Program;Education;Mature;North America;United States;Texas;2023-05-30;2023-06-29;Lost;372;43615,09;0,1;Cloud Sync Pro;Software;117
Proposal;Mid-Market;Principal;Premium;Conference;Education;Mature;North America;Canada;British Columbia;2023-06-10;2023-06-29;Won;57;48880,53;0,5;Extended Warranty;Services;855
Proposal;Mid-Market;Junior;Basic;Email Campaign;Manufacturing;Growth;APAC;Australia;Victoria;2023-04-22;2023-06-30;Won;435;56206,06;0,5;Parental Control Suite;Software;129
Final Review;Mid-Market;Principal;Basic;Webinar;Healthcare;Mature;North America;Canada;Ontario;2023-06-02;2023-06-30;Won;250;32320,78;0,9;Parental Control Suite;Software;129
Proposal;Mid-Market;Principal;Basic;Digital Ads;Healthcare;Mature;North America;Canada;Quebec;2023-06-22;2023-07-07;Won;387;45371,16;0,4;"Protective Case 6""";Accessories;117
Negotiation;Mid-Market;Senior;Premium;Partner Program;Government;Mature;North America;Canada;British Columbia;2023-04-19;2023-07-07;Lost;99;77702,73;0,6;"E-reader Platinum 8"" 32 GB";Devices;780
Qualification;Mid-Market;Junior;Standard;Partner Program;Manufacturing;Mature;EMEA;France;Auvergne-Rhône-Alpes;2023-05-25;2023-07-07;Lost;156;38114,02;0,3;ReadingPlus Annual;Software;244
Proposal;Enterprise;Principal;Standard;Email Campaign;Retail;Mature;North America;Canada;Quebec;2023-05-06;2023-07-09;Won;516;103882,77;0,6;Smart Speaker Mini;Devices;201
Proposal;Enterprise;Junior;Premium;Digital Ads;Technology;Mature;EMEA;Germany;Bavaria;2023-06-09;2023-07-09;Won;139;96807,02;0,6;"Tablet Pro 11"" 128 GB";Devices;694
Negotiation;Mid-Market;Senior;Basic;Conference;Manufacturing;Mature;North America;Canada;British Columbia;2023-06-22;2023-07-10;Won;531;68592,35;0,7;Parental Control Suite;Software;129
Negotiation;Enterprise;Senior;Premium;Conference;Healthcare;Mature;North America;Canada;British Columbia;2023-06-19;2023-07-10;Won;121;103713,56;0,7;Extended Warranty;Services;855
Proposal;Enterprise;Mid-Level;Standard;Email Campaign;Technology;Mature;North America;United States;California;2023-06-06;2023-07-10;Won;445;80569,07;0,5;Office Suite Basic;Software;181
Proposal;Enterprise;Principal;Standard;Digital Ads;Finance;Mature;North America;United States;Washington;2023-06-14;2023-07-13;Lost;614;123450,59;0,5;Smart Speaker Mini;Devices;201
Prospecting;Enterprise;Junior;Premium;Partner Program;Government;Emerging;LATAM;Mexico;Jalisco;2023-06-08;2023-07-13;Lost;61;92100,19;0,0;Data Migration;Services;1487
Proposal;Enterprise;Principal;Premium;Webinar;Finance;Growth;APAC;Japan;Tokyo;2023-06-22;2023-07-14;Won;161;112300,3;0,4;"Tablet Pro 11"" 128 GB";Devices;694
Prospecting;Mid-Market;Principal;Standard;Partner Program;Technology;Mature;North America;Canada;Quebec;2023-06-26;2023-07-15;Lost;115;45500,57;0,1;Installation Service;Services;393
Prospecting;Mid-Market;Principal;Premium;Conference;Government;Mature;North America;Canada;Ontario;2023-06-12;2023-07-16;Lost;67;55531,58;0,0;Premium Support;Services;819
Prospecting;Mid-Market;Senior;Basic;Email Campaign;Manufacturing;Emerging;LATAM;Brazil;São Paulo;2023-04-28;2023-07-16;Won;1097;31829,49;0,0;Stylus Pro;Accessories;29
Proposal;Mid-Market;Junior;Basic;Email Campaign;Government;Emerging;LATAM;Mexico;Jalisco;2023-06-21;2023-07-17;Won;352;45422,4;0,5;Parental Control Suite;Software;129
Proposal;Mid-Market;Mid-Level;Basic;Webinar;Finance;Mature;EMEA;United Kingdom;Scotland;2023-05-15;2023-07-19;Won;421;49334,36;0,5;"Protective Case 6""";Accessories;117
Proposal;Mid-Market;Junior;Premium;Digital Ads;Manufacturing;Mature;North America;United States;New York;2023-05-27;2023-07-19;Won;72;62313,19;0,5;Extended Warranty;Services;855
Proposal;Mid-Market;Principal;Standard;Email Campaign;Manufacturing;Emerging;LATAM;Mexico;Jalisco;2023-07-02;2023-07-19;Won;111;43670,55;0,4;Installation Service;Services;393
Qualification;Mid-Market;Mid-Level;Standard;Partner Program;Finance;Mature;North America;Canada;British Columbia;2023-07-04;2023-07-21;Lost;160;63253,97;0,4;Installation Service;Services;393
Prospecting;Mid-Market;Senior;Basic;Conference;Finance;Mature;North America;United States;California;2023-06-14;2023-07-22;Lost;548;36178,28;0,2;Wireless Charger Pad;Accessories;66
Proposal;Mid-Market;Mid-Level;Basic;Webinar;Healthcare;Emerging;LATAM;Mexico;Jalisco;2023-06-15;2023-07-24;Lost;391;45785,29;0,5;Cloud Sync Pro;Software;117
Proposal;Mid-Market;Mid-Level;Basic;Email Campaign;Manufacturing;Growth;APAC;Australia;New South Wales;2023-06-15;2023-07-24;Won;377;48730,42;0,5;Parental Control Suite;Software;129
Prospecting;Enterprise;Senior;Premium;Email Campaign;Education;Mature;EMEA;Germany;Bavaria;2023-07-19;2023-07-26;Lost;121;104189,42;0,0;Extended Warranty;Services;855
Negotiation;Mid-Market;Mid-Level;Basic;Conference;Retail;Mature;EMEA;Denmark;Jylland;2023-06-27;2023-07-26;Won;308;36121,24;0,7;Cloud Sync Pro;Software;117
Prospecting;Mid-Market;Senior;Premium;Digital Ads;Technology;Growth;APAC;Australia;Victoria;2023-03-17;2023-07-27;Lost;30;44809,86;0,0;Data Migration;Services;1487
Proposal;Enterprise;Mid-Level;Premium;Webinar;Finance;Mature;EMEA;Denmark;Jylland;2023-03-14;2023-07-27;Won;61;92158,49;0,5;Data Migration;Services;1487
Prospecting;Mid-Market;Junior;Basic;Email Campaign;Healthcare;Growth;APAC;Japan;Osaka;2023-05-13;2023-07-27;Won;759;75940,64;0,2;"E-reader Lite 6"" 8 GB";Devices;100
Negotiation;Mid-Market;Principal;Basic;Webinar;Manufacturing;Growth;APAC;India;Karnataka;2023-06-30;2023-07-28;Won;360;46537,19;0,6;Parental Control Suite;Software;129
Negotiation;Mid-Market;Junior;Premium;Email Campaign;Healthcare;Mature;North America;United States;California;2023-06-07;2023-07-28;Won;60;41917,78;0,6;"Tablet Pro 11"" 128 GB";Devices;694
Qualification;Mid-Market;Principal;Basic;Conference;Manufacturing;Mature;EMEA;France;Auvergne-Rhône-Alpes;2023-06-09;2023-07-29;Won;367;24245,75;0,3;Wireless Charger Pad;Accessories;66
Proposal;Mid-Market;Principal;Standard;Webinar;Education;Growth;APAC;Japan;Tokyo;2023-03-08;2023-08-01;Won;285;69672;0,4;ReadingPlus Annual;Software;244
Negotiation;Mid-Market;Mid-Level;Premium;Conference;Government;Mature;EMEA;Spain;Madrid;2023-06-11;2023-08-02;Lost;69;48517,02;0,7;"Tablet Pro 11"" 128 GB";Devices;694
Qualification;Enterprise;Mid-Level;Premium;Partner Program;Finance;Emerging;LATAM;Brazil;Rio de Janeiro;2023-06-26;2023-08-03;Lost;82;113404,07;0,2;Onsite Training;Services;1382
Final Review;Mid-Market;Senior;Basic;Digital Ads;Manufacturing;Mature;North America;United States;California;2023-07-18;2023-08-06;Lost;1244;36104,61;0,9;Stylus Pro;Accessories;29
Proposal;Mid-Market;Junior;Basic;Partner Program;Manufacturing;Mature;North America;United States;California;2023-06-25;2023-08-06;Lost;578;67734,02;0,6;Cloud Sync Pro;Software;117
Negotiation;Mid-Market;Junior;Premium;Partner Program;Government;Mature;EMEA;Germany;Bavaria;2023-07-05;2023-08-06;Won;39;27376,79;0,7;"Tablet Pro 11"" 128 GB";Devices;694
Proposal;Mid-Market;Junior;Premium;Digital Ads;Manufacturing;Growth;APAC;Japan;Tokyo;2023-06-28;2023-08-06;Lost;42;63811,18;0,5;Data Migration;Services;1487
Prospecting;Mid-Market;Principal;Premium;Partner Program;Manufacturing;Mature;EMEA;Denmark;Jylland;2023-07-04;2023-08-07;Lost;95;52290,57;0,1;Smart Speaker Max;Devices;546
Prospecting;Mid-Market;Junior;Basic;Email Campaign;Retail;Emerging;LATAM;Brazil;Rio de Janeiro;2023-07-02;2023-08-08;Lost;301;25896,49;0,2;Travel Adapter Kit;Accessories;86
Qualification;Mid-Market;Principal;Premium;Partner Program;Education;Mature;North America;United States;Texas;2023-07-18;2023-08-08;Lost;74;51429,8;0,3;"Tablet Pro 11"" 128 GB";Devices;694
Qualification;Mid-Market;Principal;Premium;Digital Ads;Finance;Emerging;LATAM;Brazil;São Paulo;2023-05-03;2023-08-08;Lost;38;57682,61;0,4;Data Migration;Services;1487
Qualification;SMB;Principal;Basic;Email Campaign;Manufacturing;Mature;EMEA;France;Auvergne-Rhône-Alpes;2023-06-19;2023-08-09;Won;164;17650,47;0,2;Premium Headphones;Accessories;107
Qualification;Enterprise;Principal;Basic;Partner Program;Finance;Mature;EMEA;Denmark;Hovedstaden;2023-07-11;2023-08-11;Lost;778;100441,96;0,4;Parental Control Suite;Software;129
Prospecting;Mid-Market;Mid-Level;Premium;Partner Program;Healthcare;Mature;EMEA;Spain;Catalonia;2023-06-25;2023-08-11;Lost;51;71754,84;0,0;Onsite Training;Services;1382
Negotiation;Mid-Market;Junior;Basic;Webinar;Healthcare;Mature;North America;United States;New York;2023-07-31;2023-08-12;Won;644;64495,5;0,8;"E-reader Lite 6"" 8 GB";Devices;100
Proposal;Enterprise;Principal;Basic;Email Campaign;Healthcare;Mature;North America;United States;New York;2023-07-14;2023-08-13;Won;1427;142775,94;0,5;"E-reader Lite 6"" 8 GB";Devices;100
Prospecting;Enterprise;Junior;Premium;Digital Ads;Healthcare;Mature;North America;Canada;Quebec;2023-07-24;2023-08-14;Lost;134;114847,08;0,0;Extended Warranty;Services;855
Prospecting;Enterprise;Principal;Standard;Conference;Finance;Mature;North America;United States;Texas;2023-07-16;2023-08-15;Lost;492;89098,69;0,0;Office Suite Basic;Software;181
Final Review;Mid-Market;Senior;Basic;Webinar;Finance;Mature;North America;Canada;Quebec;2023-07-23;2023-08-16;Won;651;43012,05;0,8;Wireless Charger Pad;Accessories;66
Prospecting;Mid-Market;Principal;Premium;Digital Ads;Finance;Mature;North America;United States;Texas;2023-08-06;2023-08-18;Lost;86;70705,75;0,1;Premium Support;Services;819
Negotiation;Enterprise;Senior;Standard;Email Campaign;Education;Mature;EMEA;Germany;Bavaria;2023-07-14;2023-08-18;Won;529;84709,75;0,8;Office Suite Enterprise;Software;160
Negotiation;Enterprise;Senior;Premium;Partner Program;Finance;Mature;North America;United States;Texas;2023-07-21;2023-08-18;Won;60;83705,2;0,7;Onsite Training;Services;1382
Negotiation;SMB;Senior;Basic;Email Campaign;Government;Mature;North America;United States;Washington;2023-07-11;2023-08-18;Lost;161;13895,04;0,7;Travel Adapter Kit;Accessories;86
Prospecting;Mid-Market;Principal;Premium;Digital Ads;Manufacturing;Mature;EMEA;United Kingdom;England;2023-07-08;2023-08-18;Lost;67;55130,71;0,2;Premium Support;Services;819
Negotiation;Mid-Market;Junior;Standard;Partner Program;Manufacturing;Mature;North America;United States;California;2023-07-02;2023-08-19;Won;199;78529,27;0,7;Installation Service;Services;393
Negotiation;Mid-Market;Senior;Standard;Email Campaign;Education;Emerging;LATAM;Mexico;Mexico City;2023-06-29;2023-08-19;Won;197;77778,97;0,7;Installation Service;Services;393
Prospecting;Mid-Market;Mid-Level;Basic;Conference;Technology;Emerging;LATAM;Mexico;Jalisco;2023-07-10;2023-08-19;Won;246;26365,14;0,0;Premium Headphones;Accessories;107
Qualification;Mid-Market;Junior;Standard;Partner Program;Education;Growth;APAC;Australia;Victoria;2023-04-13;2023-08-20;Won;92;36347,49;0,2;Installation Service;Services;393
Proposal;Mid-Market;Principal;Basic;Partner Program;Finance;Mature;North America;United States;Texas;2023-08-09;2023-08-20;Lost;1179;77843,53;0,5;Wireless Charger Pad;Accessories;66
Qualification;Mid-Market;Principal;Premium;Digital Ads;Manufacturing;Emerging;LATAM;Brazil;São Paulo;2023-08-04;2023-08-21;Lost;95;74569,62;0,3;"E-reader Platinum 8"" 32 GB";Devices;780
Proposal;Mid-Market;Mid-Level;Basic;Email Campaign;Education;Mature;North America;United States;California;2023-07-13;2023-08-22;Won;512;60008,1;0,5;"Protective Case 6""";Accessories;117
Final Review;Mid-Market;Junior;Standard;Conference;Education;Mature;EMEA;Spain;Catalonia;2023-04-20;2023-08-22;Won;184;44967,76;1,0;ReadingPlus Annual;Software;244
Proposal;Enterprise;Principal;Premium;Partner Program;Manufacturing;Growth;APAC;Japan;Osaka;2023-06-29;2023-08-23;Won;191;104551,47;0,5;Smart Speaker Max;Devices;546
Negotiation;Mid-Market;Mid-Level;Standard;Conference;Education;Mature;North America;United States;Washington;2023-04-29;2023-08-24;Won;222;54265,95;0,7;ReadingPlus Annual;Software;244
Proposal;Mid-Market;Mid-Level;Basic;Email Campaign;Education;Mature;EMEA;Germany;Hesse;2023-07-03;2023-08-25;Won;1792;51969,83;0,5;Stylus Pro;Accessories;29
Prospecting;Enterprise;Mid-Level;Premium;Email Campaign;Finance;Mature;EMEA;Denmark;Jylland;2023-07-13;2023-08-25;Lost;112;87742,09;0,0;"E-reader Platinum 8"" 32 GB";Devices;780
Prospecting;Mid-Market;Principal;Standard;Conference;Manufacturing;Mature;EMEA;United Kingdom;England;2023-08-11;2023-08-27;Won;253;45910,04;0,1;Office Suite Basic;Software;181
Qualification;Mid-Market;Junior;Premium;Digital Ads;Education;Emerging;LATAM;Mexico;Mexico City;2023-07-23;2023-08-27;Lost;113;61914,51;0,4;Smart Speaker Max;Devices;546
Proposal;Mid-Market;Mid-Level;Premium;Webinar;Education;Mature;North America;United States;California;2023-05-05;2023-08-27;Won;68;56229,16;0,4;Premium Support;Services;819
Proposal;Mid-Market;Mid-Level;Basic;Conference;Healthcare;Emerging;LATAM;Mexico;Jalisco;2023-07-11;2023-08-29;Won;477;41062,62;0,4;Travel Adapter Kit;Accessories;86
Prospecting;Mid-Market;Mid-Level;Basic;Conference;Finance;Growth;APAC;Japan;Osaka;2023-07-29;2023-08-29;Lost;597;63911,73;0,2;Premium Headphones;Accessories;107
Negotiation;Enterprise;Junior;Standard;Partner Program;Healthcare;Emerging;LATAM;Mexico;Mexico City;2023-08-05;2023-08-30;Won;343;83843,68;0,7;ReadingPlus Annual;Software;244
Negotiation;Mid-Market;Junior;Standard;Partner Program;Technology;Mature;North America;United States;Texas;2023-08-11;2023-08-30;Won;167;26787,1;0,7;Office Suite Enterprise;Software;160
Prospecting;Mid-Market;Junior;Basic;Webinar;Education;Growth;APAC;Australia;New South Wales;2023-07-08;2023-08-31;Won;323;27804,47;0,0;Travel Adapter Kit;Accessories;86
Prospecting;Enterprise;Principal;Standard;Partner Program;Finance;Mature;EMEA;Denmark;Hovedstaden;2023-08-06;2023-08-31;Lost;597;108079,19;0,1;Office Suite Basic;Software;181
Prospecting;Enterprise;Mid-Level;Basic;Email Campaign;Healthcare;Growth;APAC;Australia;Victoria;2023-07-06;2023-09-01;Lost;752;97099,44;0,1;Parental Control Suite;Software;129
Qualification;Enterprise;Junior;Premium;Email Campaign;Retail;Mature;North America;United States;Washington;2023-05-02;2023-09-01;Lost;150;117018,69;0,3;"E-reader Platinum 8"" 32 GB";Devices;780
Prospecting;Mid-Market;Junior;Basic;Partner Program;Finance;Growth;APAC;Australia;Victoria;2023-05-18;2023-09-02;Lost;647;75811,67;0,1;"Protective Case 6""";Accessories;117
Proposal;Mid-Market;Mid-Level;Standard;Conference;Finance;Growth;APAC;India;Karnataka;2023-08-18;2023-09-02;Won;278;67881,04;0,5;ReadingPlus Annual;Software;244
Proposal;Mid-Market;Junior;Premium;Partner Program;Healthcare;Mature;EMEA;United Kingdom;Scotland;2023-08-17;2023-09-03;Lost;41;60988,43;0,4;Data Migration;Services;1487
Proposal;Enterprise;Senior;Standard;Partner Program;Technology;Mature;EMEA;United Kingdom;England;2023-08-22;2023-09-03;Won;249;98020,26;0,4;Installation Service;Services;393
Final Review;Mid-Market;Principal;Basic;Digital Ads;Healthcare;Growth;APAC;India;Maharashtra;2023-07-07;2023-09-04;Lost;1367;39671,37;0,8;Stylus Pro;Accessories;29
Qualification;Mid-Market;Junior;Standard;Digital Ads;Finance;Growth;APAC;Australia;Victoria;2023-08-26;2023-09-06;Won;333;67089;0,3;Smart Speaker Mini;Devices;201
Proposal;Mid-Market;Mid-Level;Standard;Partner Program;Manufacturing;Mature;North America;Canada;Quebec;2023-08-06;2023-09-06;Lost;324;79245,25;0,5;ReadingPlus Annual;Software;244
Negotiation;Mid-Market;Senior;Standard;Email Campaign;Healthcare;Mature;EMEA;United Kingdom;England;2023-08-09;2023-09-07;Won;173;31418,61;0,6;Office Suite Basic;Software;181
Proposal;Mid-Market;Senior;Basic;Email Campaign;Healthcare;Mature;EMEA;Germany;Hesse;2023-07-28;2023-09-08;Won;743;63919,61;0,5;Travel Adapter Kit;Accessories;86
Negotiation;Mid-Market;Principal;Standard;Conference;Healthcare;Mature;North America;United States;Texas;2023-08-13;2023-09-09;Won;245;59821,86;0,7;ReadingPlus Annual;Software;244
Qualification;Mid-Market;Senior;Standard;Conference;Manufacturing;Mature;EMEA;Denmark;Hovedstaden;2023-07-09;2023-09-10;Won;379;76268,11;0,3;Smart Speaker Mini;Devices;201
Proposal;Mid-Market;Junior;Basic;Conference;Healthcare;Growth;APAC;Australia;New South Wales;2023-08-20;2023-09-10;Won;416;44580,93;0,6;Premium Headphones;Accessories;107
Prospecting;Enterprise;Principal;Basic;Partner Program;Finance;Mature;North America;Canada;Quebec;2023-08-06;2023-09-10;Lost;1345;134530,87;0,1;"E-reader Lite 6"" 8 GB";Devices;100
Proposal;Enterprise;Senior;Basic;Email Campaign;Finance;Mature;North America;Canada;British Columbia;2023-08-27;2023-09-12;Won;1039;134106,02;0,5;Parental Control Suite;Software;129
Prospecting;Mid-Market;Principal;Premium;Digital Ads;Manufacturing;Mature;North America;Canada;British Columbia;2023-08-03;2023-09-12;Lost;41;61308,63;0,1;Data Migration;Services;1487
Proposal;Mid-Market;Mid-Level;Standard;Webinar;Retail;Mature;EMEA;United Kingdom;England;2023-08-01;2023-09-12;Lost;468;74932,22;0,5;Office Suite Enterprise;Software;160
Qualification;Enterprise;Junior;Premium;Partner Program;Manufacturing;Growth;APAC;India;Delhi;2023-07-28;2023-09-13;Lost;126;103572,49;0,4;Premium Support;Services;819
Proposal;Mid-Market;Junior;Standard;Webinar;Education;Mature;North America;Canada;Quebec;2023-07-22;2023-09-14;Won;262;52815,36;0,6;Smart Speaker Mini;Devices;201
Negotiation;Mid-Market;Mid-Level;Basic;Digital Ads;Retail;Mature;North America;United States;Texas;2023-07-03;2023-09-14;Won;435;50996,85;0,7;"Protective Case 6""";Accessories;117
Proposal;Mid-Market;Mid-Level;Standard;Conference;Retail;Mature;EMEA;Spain;Madrid;2023-07-16;2023-09-14;Won;344;62427,55;0,5;Office Suite Basic;Software;181
Proposal;Mid-Market;Principal;Basic;Webinar;Finance;Emerging;LATAM;Brazil;São Paulo;2023-05-27;2023-09-15;Lost;609;40257,24;0,5;Wireless Charger Pad;Accessories;66
Prospecting;Mid-Market;Junior;Basic;Webinar;Healthcare;Growth;APAC;Japan;Tokyo;2023-07-28;2023-09-15;Lost;1357;39373,93;0,2;Stylus Pro;Accessories;29
Qualification;Mid-Market;Junior;Standard;Partner Program;Education;Mature;EMEA;Germany;Hesse;2023-07-29;2023-09-15;Lost;158;38787,54;0,3;ReadingPlus Annual;Software;244
Proposal;Enterprise;Mid-Level;Premium;Conference;Finance;Growth;APAC;India;Delhi;2023-08-06;2023-09-15;Won;98;146764,83;0,5;Data Migration;Services;1487
Prospecting;Mid-Market;Senior;Premium;Conference;Government;Emerging;LATAM;Brazil;São Paulo;2023-07-29;2023-09-16;Won;40;34243,21;0,1;Extended Warranty;Services;855
Proposal;Mid-Market;Senior;Standard;Partner Program;Retail;Emerging;LATAM;Brazil;São Paulo;2023-05-08;2023-09-16;Lost;435;78834,42;0,5;Office Suite Basic;Software;181
Prospecting;Enterprise;Junior;Basic;Digital Ads;Retail;Emerging;LATAM;Brazil;São Paulo;2023-08-13;2023-09-19;Lost;942;94206,16;0,0;"E-reader Lite 6"" 8 GB";Devices;100
Qualification;Mid-Market;Junior;Standard;Email Campaign;Education;Growth;APAC;India;Karnataka;2023-08-10;2023-09-20;Lost;172;67682,79;0,2;Installation Service;Services;393
Qualification;Enterprise;Senior;Premium;Email Campaign;Retail;Growth;APAC;India;Delhi;2023-08-07;2023-09-21;Lost;114;93801,96;0,3;Premium Support;Services;819
Prospecting;Mid-Market;Mid-Level;Premium;Email Campaign;Education;Mature;EMEA;France;Île-de-France;2023-07-06;2023-09-21;Lost;45;63402,26;0,2;Onsite Training;Services;1382
Qualification;Mid-Market;Senior;Standard;Conference;Manufacturing;Growth;APAC;Japan;Osaka;2023-08-14;2023-09-22;Won;296;53645,49;0,3;Office Suite Basic;Software;181
Negotiation;Mid-Market;Senior;Premium;Email Campaign;Manufacturing;Mature;EMEA;France;Auvergne-Rhône-Alpes;2023-08-06;2023-09-23;Lost;80;62435,57;0,8;"E-reader Platinum 8"" 32 GB";Devices;780
Final Review;Mid-Market;Mid-Level;Premium;Conference;Manufacturing;Mature;North America;Canada;British Columbia;2023-08-05;2023-09-24;Won;77;60276,73;0,9;"E-reader Platinum 8"" 32 GB";Devices;780
Prospecting;Mid-Market;Junior;Premium;Webinar;Finance;Mature;North America;Canada;British Columbia;2023-08-26;2023-09-24;Lost;79;64920,11;0,1;Premium Support;Services;819
Negotiation;Mid-Market;Senior;Basic;Webinar;Retail;Mature;EMEA;Spain;Catalonia;2023-09-03;2023-09-26;Lost;239;28062,2;0,8;"Protective Case 6""";Accessories;117
Proposal;Enterprise;Junior;Premium;Digital Ads;Healthcare;Mature;EMEA;Denmark;Jylland;2023-08-28;2023-09-26;Won;191;104764,19;0,6;Smart Speaker Max;Devices;546
Proposal;Enterprise;Junior;Premium;Partner Program;Finance;Mature;EMEA;Denmark;Hovedstaden;2023-08-25;2023-09-29;Won;71;106411,79;0,6;Data Migration;Services;1487
Negotiation;Mid-Market;Senior;Premium;Email Campaign;Healthcare;Mature;EMEA;France;Île-de-France;2023-09-14;2023-09-30;Won;139;76409,36;0,7;Smart Speaker Max;Devices;546
Prospecting;Mid-Market;Mid-Level;Premium;Email Campaign;Manufacturing;Mature;North America;United States;California;2023-07-03;2023-10-01;Lost;39;58910,85;0,0;Data Migration;Services;1487
Proposal;Mid-Market;Junior;Standard;Webinar;Manufacturing;Mature;North America;United States;New York;2023-08-27;2023-10-02;Won;84;33143,7;0,4;Installation Service;Services;393
Proposal;Enterprise;Junior;Standard;Digital Ads;Healthcare;Mature;North America;United States;Washington;2023-06-08;2023-10-03;Lost;663;133263,85;0,6;Smart Speaker Mini;Devices;201
Negotiation;Mid-Market;Principal;Standard;Conference;Healthcare;Mature;North America;United States;California;2023-08-23;2023-10-04;Won;182;71909,77;0,7;Installation Service;Services;393
Proposal;Mid-Market;Senior;Basic;Email Campaign;Healthcare;Emerging;LATAM;Mexico;Mexico City;2023-06-13;2023-10-04;Won;1719;49877,51;0,6;Stylus Pro;Accessories;29
Qualification;Enterprise;Junior;Standard;Digital Ads;Retail;Mature;North America;Canada;British Columbia;2023-09-10;2023-10-05;Lost;423;166629,07;0,2;Installation Service;Services;393
Qualification;Mid-Market;Mid-Level;Basic;Digital Ads;Retail;Emerging;LATAM;Brazil;Rio de Janeiro;2023-08-31;2023-10-05;Won;368;43079,01;0,2;Cloud Sync Pro;Software;117
Final Review;SMB;Senior;Basic;Partner Program;Manufacturing;Emerging;LATAM;Mexico;Jalisco;2023-07-16;2023-10-06;Won;662;19212,1;0,8;Stylus Pro;Accessories;29
Negotiation;Enterprise;Principal;Standard;Digital Ads;Manufacturing;Mature;North America;United States;Texas;2023-07-13;2023-10-06;Lost;591;118808,61;0,7;Smart Speaker Mini;Devices;201
Prospecting;Enterprise;Senior;Premium;Conference;Healthcare;Growth;APAC;Australia;Victoria;2023-08-18;2023-10-07;Lost;59;89192,21;0,1;Data Migration;Services;1487
Negotiation;Enterprise;Junior;Basic;Webinar;Finance;Mature;North America;United States;Washington;2023-09-03;2023-10-08;Won;845;90464,68;0,7;Premium Headphones;Accessories;107
Prospecting;Mid-Market;Principal;Standard;Digital Ads;Technology;Mature;North America;Canada;British Columbia;2023-08-03;2023-10-11;Lost;379;68712,04;0,0;Office Suite Basic;Software;181
Negotiation;Enterprise;Mid-Level;Basic;Partner Program;Healthcare;Growth;APAC;Japan;Tokyo;2023-09-05;2023-10-12;Won;1748;174826,3;0,6;"E-reader Lite 6"" 8 GB";Devices;100
Qualification;Mid-Market;Mid-Level;Premium;Conference;Healthcare;Mature;EMEA;Germany;Hesse;2023-07-25;2023-10-13;Won;79;68028,09;0,4;Extended Warranty;Services;855
Prospecting;Enterprise;Mid-Level;Standard;Digital Ads;Manufacturing;Mature;North America;United States;Washington;2023-08-16;2023-10-15;Lost;606;109740,04;0,2;Office Suite Basic;Software;181
Proposal;Mid-Market;Mid-Level;Standard;Webinar;Healthcare;Mature;North America;United States;Washington;2023-07-29;2023-10-17;Lost;322;51648,77;0,5;Office Suite Enterprise;Software;160
Prospecting;Enterprise;Mid-Level;Premium;Partner Program;Manufacturing;Mature;EMEA;Germany;Bavaria;2023-07-16;2023-10-18;Lost;56;83872,34;0,0;Data Migration;Services;1487
Proposal;Mid-Market;Junior;Standard;Webinar;Retail;Growth;APAC;India;Delhi;2023-07-31;2023-10-18;Lost;166;40561,6;0,5;ReadingPlus Annual;Software;244
Negotiation;Mid-Market;Principal;Standard;Conference;Government;Mature;North America;Canada;Ontario;2023-09-27;2023-10-19;Won;191;34657,03;0,7;Office Suite Basic;Software;181
Negotiation;Enterprise;Junior;Premium;Digital Ads;Healthcare;Mature;North America;Canada;Ontario;2023-08-29;2023-10-19;Won;102;84215,85;0,7;Premium Support;Services;819
Prospecting;Enterprise;Principal;Premium;Conference;Finance;Mature;EMEA;United Kingdom;Scotland;2023-09-12;2023-10-21;Won;125;86836,38;0,0;"Tablet Pro 11"" 128 GB";Devices;694
Negotiation;Mid-Market;Mid-Level;Standard;Webinar;Government;Mature;North America;Canada;British Columbia;2023-09-04;2023-10-21;Won;162;63694,67;0,7;Installation Service;Services;393
Negotiation;Mid-Market;Principal;Basic;Webinar;Technology;Mature;North America;United States;California;2023-10-04;2023-10-23;Lost;680;44924,68;0,7;Wireless Charger Pad;Accessories;66
Proposal;Mid-Market;Senior;Premium;Webinar;Manufacturing;Mature;EMEA;Spain;Catalonia;2023-10-08;2023-10-25;Lost;67;52805,69;0,4;"E-reader Platinum 8"" 32 GB";Devices;780
Proposal;Enterprise;Mid-Level;Premium;Partner Program;Finance;Growth;APAC;India;Karnataka;2023-09-03;2023-10-26;Won;113;156451,76;0,5;Onsite Training;Services;1382
Qualification;Mid-Market;Junior;Basic;Conference;Healthcare;Emerging;LATAM;Brazil;Rio de Janeiro;2023-10-02;2023-10-27;Lost;340;29320,99;0,3;Travel Adapter Kit;Accessories;86
Negotiation;Mid-Market;Principal;Premium;Digital Ads;Government;Mature;North America;Canada;Quebec;2023-09-09;2023-10-28;Won;63;54030,7;0,7;Extended Warranty;Services;855
Final Review;Mid-Market;Mid-Level;Basic;Digital Ads;Finance;Mature;North America;Canada;British Columbia;2023-10-13;2023-10-29;Won;364;42692,17;0,9;"Protective Case 6""";Accessories;117
Negotiation;Mid-Market;Senior;Basic;Digital Ads;Retail;Mature;North America;Canada;Ontario;2023-10-14;2023-10-29;Won;719;71932,9;0,7;"E-reader Lite 6"" 8 GB";Devices;100
Negotiation;Enterprise;Junior;Standard;Conference;Education;Mature;North America;United States;Washington;2023-10-02;2023-10-29;Won;530;106700,81;0,7;Smart Speaker Mini;Devices;201
Final Review;Mid-Market;Junior;Standard;Webinar;Finance;Mature;North America;Canada;Ontario;2023-09-23;2023-10-30;Lost;271;49094,75;0,8;Office Suite Basic;Software;181
Negotiation;Mid-Market;Principal;Basic;Conference;Manufacturing;Mature;EMEA;Germany;Hesse;2023-09-24;2023-10-30;Lost;480;61932,09;0,7;Parental Control Suite;Software;129
Proposal;Mid-Market;Mid-Level;Standard;Digital Ads;Technology;Mature;EMEA;Germany;Bavaria;2023-08-11;2023-10-31;Lost;127;23032,84;0,5;Office Suite Basic;Software;181
Prospecting;Mid-Market;Junior;Premium;Digital Ads;Education;Growth;APAC;India;Maharashtra;2023-10-06;2023-10-31;Lost;51;77219,75;0,1;Data Migration;Services;1487
Negotiation;Enterprise;Mid-Level;Standard;Conference;Manufacturing;Emerging;LATAM;Mexico;Mexico City;2023-08-20;2023-11-01;Won;504;101441,33;0,6;Smart Speaker Mini;Devices;201
Prospecting;Enterprise;Junior;Standard;Email Campaign;Healthcare;Mature;EMEA;Germany;Bavaria;2023-07-27;2023-11-01;Lost;504;91279,87;0,1;Office Suite Basic;Software;181
Prospecting;Enterprise;Mid-Level;Standard;Partner Program;Healthcare;Mature;North America;Canada;British Columbia;2023-09-18;2023-11-01;Won;745;119333,68;0,0;Office Suite Enterprise;Software;160
Negotiation;Enterprise;Principal;Basic;Webinar;Healthcare;Mature;EMEA;Spain;Madrid;2023-10-04;2023-11-02;Lost;761;98191,15;0,6;Parental Control Suite;Software;129
Proposal;Enterprise;Principal;Premium;Digital Ads;Healthcare;Mature;North America;United States;New York;2023-09-11;2023-11-02;Lost;226;123566,87;0,5;Smart Speaker Max;Devices;546
Qualification;Mid-Market;Junior;Premium;Conference;Healthcare;Mature;EMEA;Spain;Madrid;2023-10-10;2023-11-03;Lost;74;60878,98;0,4;Premium Support;Services;819
Negotiation;Enterprise;Junior;Premium;Conference;Finance;Mature;North America;United States;Washington;2023-07-27;2023-11-03;Won;60;90055,8;0,6;Data Migration;Services;1487
Proposal;Mid-Market;Mid-Level;Premium;Webinar;Government;Growth;APAC;India;Maharashtra;2023-10-23;2023-11-06;Won;49;38788,57;0,4;"E-reader Platinum 8"" 32 GB";Devices;780
Qualification;Enterprise;Junior;Basic;Digital Ads;Healthcare;Growth;APAC;India;Delhi;2023-09-16;2023-11-06;Lost;1292;129279,38;0,3;"E-reader Lite 6"" 8 GB";Devices;100
Negotiation;Mid-Market;Mid-Level;Premium;Email Campaign;Finance;Mature;EMEA;Germany;Berlin;2023-10-16;2023-11-06;Lost;45;62577,89;0,7;Onsite Training;Services;1382
Final Review;Mid-Market;Mid-Level;Basic;Digital Ads;Education;Mature;North America;United States;Texas;2023-10-26;2023-11-06;Lost;590;38985,64;1,0;Wireless Charger Pad;Accessories;66
Proposal;Mid-Market;Principal;Basic;Digital Ads;Technology;Mature;North America;Canada;British Columbia;2023-10-05;2023-11-09;Lost;425;36593,11;0,5;Travel Adapter Kit;Accessories;86
Qualification;Mid-Market;Junior;Standard;Webinar;Government;Growth;APAC;India;Delhi;2023-10-06;2023-11-10;Lost;251;50646,45;0,2;Smart Speaker Mini;Devices;201
Negotiation;Mid-Market;Senior;Premium;Webinar;Government;Mature;EMEA;United Kingdom;Scotland;2023-10-01;2023-11-10;Won;37;51357,25;0,8;Onsite Training;Services;1382
Final Review;Mid-Market;Senior;Standard;Digital Ads;Finance;Growth;APAC;Japan;Osaka;2023-09-11;2023-11-11;Won;362;57951,18;0,8;Office Suite Enterprise;Software;160
Prospecting;Mid-Market;Mid-Level;Premium;Partner Program;Technology;Emerging;LATAM;Mexico;Mexico City;2023-10-21;2023-11-11;Lost;63;49318,32;0,1;"E-reader Platinum 8"" 32 GB";Devices;780
Qualification;Enterprise;Junior;Premium;Conference;Manufacturing;Mature;EMEA;United Kingdom;Scotland;2023-10-10;2023-11-11;Lost;120;83486,44;0,4;"Tablet Pro 11"" 128 GB";Devices;694
Proposal;Mid-Market;Junior;Premium;Conference;Manufacturing;Mature;North America;United States;Texas;2023-10-22;2023-11-11;Lost;67;57496,62;0,6;Extended Warranty;Services;855
Qualification;Mid-Market;Junior;Premium;Conference;Finance;Mature;EMEA;France;Auvergne-Rhône-Alpes;2023-10-01;2023-11-12;Lost;84;69255;0,3;Premium Support;Services;819
Prospecting;Mid-Market;Mid-Level;Standard;Partner Program;Retail;Mature;North America;Canada;British Columbia;2023-09-14;2023-11-12;Lost;357;71881,44;0,2;Smart Speaker Mini;Devices;201
Negotiation;Mid-Market;Senior;Standard;Webinar;Manufacturing;Mature;EMEA;France;Auvergne-Rhône-Alpes;2023-07-31;2023-11-15;Won;383;69341,83;0,6;Office Suite Basic;Software;181
Negotiation;Enterprise;Senior;Basic;Digital Ads;Finance;Mature;North America;Canada;British Columbia;2023-10-18;2023-11-15;Lost;1392;139220,82;0,6;"E-reader Lite 6"" 8 GB";Devices;100
Proposal;Mid-Market;Principal;Basic;Digital Ads;Retail;Mature;EMEA;France;Auvergne-Rhône-Alpes;2023-10-21;2023-11-15;Won;860;56789,76;0,4;Wireless Charger Pad;Accessories;66
Qualification;Enterprise;Principal;Standard;Digital Ads;Finance;Mature;North America;United States;California;2023-11-07;2023-11-16;Lost;1056;212288,98;0,2;Smart Speaker Mini;Devices;201
Negotiation;Mid-Market;Senior;Basic;Digital Ads;Government;Mature;North America;United States;Texas;2023-10-30;2023-11-16;Lost;347;37150,07;0,8;Premium Headphones;Accessories;107
Negotiation;Mid-Market;Junior;Standard;Email Campaign;Government;Mature;EMEA;United Kingdom;England;2023-10-15;2023-11-17;Won;169;27061,55;0,6;Office Suite Enterprise;Software;160
Qualification;Enterprise;Senior;Premium;Email Campaign;Healthcare;Mature;EMEA;Germany;Berlin;2023-09-02;2023-11-17;Lost;131;112158,68;0,3;Extended Warranty;Services;855
Proposal;Enterprise;Principal;Standard;Partner Program;Healthcare;Emerging;LATAM;Brazil;Rio de Janeiro;2023-10-14;2023-11-23;Won;506;91618,21;0,5;Office Suite Basic;Software;181
Proposal;Mid-Market;Senior;Basic;Webinar;Education;Mature;EMEA;United Kingdom;Scotland;2023-10-23;2023-11-25;Won;513;60029,19;0,5;Cloud Sync Pro;Software;117
Qualification;Mid-Market;Senior;Basic;Webinar;Technology;Mature;North America;Canada;Ontario;2023-11-05;2023-11-25;Lost;562;48350,14;0,3;Travel Adapter Kit;Accessories;86
Proposal;Mid-Market;Junior;Basic;Digital Ads;Retail;Mature;EMEA;France;Île-de-France;2023-10-26;2023-11-27;Won;384;41150,74;0,4;Premium Headphones;Accessories;107
Negotiation;Mid-Market;Senior;Basic;Email Campaign;Finance;Mature;EMEA;Denmark;Jylland;2023-09-17;2023-11-28;Won;482;41501,63;0,8;Travel Adapter Kit;Accessories;86
Proposal;Mid-Market;Senior;Premium;Conference;Education;Growth;APAC;Japan;Osaka;2023-11-02;2023-11-29;Won;132;72207,37;0,5;Smart Speaker Max;Devices;546
Proposal;Mid-Market;Senior;Premium;Email Campaign;Manufacturing;Mature;EMEA;United Kingdom;England;2023-10-29;2023-12-01;Won;83;58194,24;0,5;"Tablet Pro 11"" 128 GB";Devices;694
Negotiation;Mid-Market;Mid-Level;Basic;Partner Program;Retail;Mature;EMEA;Denmark;Hovedstaden;2023-10-10;2023-12-02;Lost;551;71092,92;0,8;Parental Control Suite;Software;129
Negotiation;Mid-Market;Senior;Basic;Email Campaign;Finance;Mature;EMEA;Spain;Catalonia;2023-11-14;2023-12-05;Lost;1101;72693,29;0,6;Wireless Charger Pad;Accessories;66
Qualification;Mid-Market;Principal;Premium;Conference;Technology;Growth;APAC;Japan;Osaka;2023-10-03;2023-12-05;Won;38;53477,08;0,4;Onsite Training;Services;1382
Negotiation;Mid-Market;Senior;Basic;Webinar;Finance;Mature;EMEA;Spain;Catalonia;2023-10-08;2023-12-07;Won;433;55980,61;0,7;Parental Control Suite;Software;129
Prospecting;Mid-Market;Junior;Standard;Email Campaign;Healthcare;Emerging;LATAM;Mexico;Jalisco;2023-11-16;2023-12-08;Lost;173;68023,04;0,1;Installation Service;Services;393
Qualification;Enterprise;Mid-Level;Standard;Conference;Finance;Growth;APAC;India;Maharashtra;2023-10-04;2023-12-10;Lost;1012;183301,33;0,2;Office Suite Basic;Software;181
Proposal;Mid-Market;Junior;Basic;Conference;Manufacturing;Growth;APAC;India;Delhi;2023-11-05;2023-12-11;Won;1678;48662,31;0,6;Stylus Pro;Accessories;29
Negotiation;Mid-Market;Junior;Premium;Partner Program;Manufacturing;Mature;EMEA;Denmark;Jylland;2023-11-30;2023-12-11;Lost;69;54356,23;0,7;"E-reader Platinum 8"" 32 GB";Devices;780
Final Review;Mid-Market;Junior;Premium;Email Campaign;Technology;Mature;North America;United States;Washington;2023-10-23;2023-12-12;Won;80;62844,71;0,9;"E-reader Platinum 8"" 32 GB";Devices;780
Qualification;Mid-Market;Principal;Premium;Webinar;Manufacturing;Mature;EMEA;Denmark;Jylland;2023-11-26;2023-12-13;Lost;83;68676,64;0,3;Premium Support;Services;819
Prospecting;Enterprise;Junior;Basic;Email Campaign;Finance;Growth;APAC;India;Maharashtra;2023-10-27;2023-12-13;Won;1121;112165,16;0,2;"E-reader Lite 6"" 8 GB";Devices;100
Qualification;Mid-Market;Mid-Level;Basic;Webinar;Healthcare;Mature;EMEA;United Kingdom;Scotland;2023-11-01;2023-12-14;Lost;581;50007,44;0,4;Travel Adapter Kit;Accessories;86
Negotiation;Mid-Market;Junior;Standard;Webinar;Education;Mature;EMEA;Germany;Hesse;2023-11-29;2023-12-15;Won;391;78693,43;0,7;Smart Speaker Mini;Devices;201
Prospecting;Enterprise;Junior;Premium;Email Campaign;Retail;Mature;North America;United States;California;2023-11-28;2023-12-17;Won;175;150074,18;0,1;Extended Warranty;Services;855
Proposal;Enterprise;Mid-Level;Basic;Conference;Retail;Growth;APAC;India;Karnataka;2023-11-15;2023-12-18;Won;1047;104782,18;0,5;"E-reader Lite 6"" 8 GB";Devices;100
Qualification;Enterprise;Mid-Level;Basic;Digital Ads;Healthcare;Mature;EMEA;France;Auvergne-Rhône-Alpes;2023-11-07;2023-12-19;Lost;841;84187,73;0,3;"E-reader Lite 6"" 8 GB";Devices;100
Negotiation;Mid-Market;Senior;Basic;Digital Ads;Finance;Mature;EMEA;Germany;Bavaria;2023-10-15;2023-12-19;Won;459;53812,55;0,7;"Protective Case 6""";Accessories;117
Negotiation;Mid-Market;Principal;Basic;Partner Program;Education;Mature;EMEA;Germany;Hesse;2023-11-14;2023-12-19;Won;345;36954;0,8;Premium Headphones;Accessories;107
Prospecting;Enterprise;Mid-Level;Premium;Conference;Manufacturing;Mature;North America;Canada;British Columbia;2023-10-15;2023-12-21;Lost;141;115563,29;0,2;Premium Support;Services;819
Prospecting;Enterprise;Junior;Premium;Email Campaign;Education;Mature;North America;United States;California;2023-09-19;2023-12-21;Lost;170;93127,5;0,2;Smart Speaker Max;Devices;546
Proposal;Mid-Market;Principal;Standard;Webinar;Manufacturing;Mature;North America;United States;New York;2023-10-21;2023-12-21;Lost;153;37438,26;0,6;ReadingPlus Annual;Software;244
Prospecting;Mid-Market;Senior;Basic;Partner Program;Manufacturing;Mature;North America;United States;California;2023-10-19;2023-12-21;Lost;405;47403,82;0,0;"Protective Case 6""";Accessories;117
Qualification;Mid-Market;Senior;Basic;Conference;Retail;Mature;EMEA;France;Île-de-France;2023-11-06;2023-12-22;Lost;674;72194,24;0,4;Premium Headphones;Accessories;107
Final Review;Mid-Market;Senior;Standard;Email Campaign;Manufacturing;Mature;North America;United States;New York;2023-11-26;2023-12-22;Won;129;31567,74;0,8;ReadingPlus Annual;Software;244
Prospecting;Mid-Market;Junior;Basic;Conference;Technology;Growth;APAC;Japan;Tokyo;2023-11-27;2023-12-22;Lost;1317;38202,25;0,0;Stylus Pro;Accessories;29
Proposal;Enterprise;Mid-Level;Standard;Email Campaign;Healthcare;Growth;APAC;Japan;Osaka;2023-10-25;2023-12-23;Won;640;128647,04;0,5;Smart Speaker Mini;Devices;201
Final Review;Mid-Market;Mid-Level;Basic;Digital Ads;Government;Mature;North America;United States;Texas;2023-09-17;2023-12-24;Won;346;22856,87;0,9;Wireless Charger Pad;Accessories;66
Negotiation;Enterprise;Junior;Standard;Conference;Retail;Emerging;LATAM;Mexico;Mexico City;2023-11-17;2023-12-25;Won;568;91015,44;0,6;Office Suite Enterprise;Software;160
Prospecting;Mid-Market;Junior;Basic;Email Campaign;Government;Mature;North America;Canada;Ontario;2023-11-09;2023-12-26;Lost;381;44607,91;0,2;Cloud Sync Pro;Software;117
Prospecting;Mid-Market;Junior;Basic;Partner Program;Government;Mature;North America;United States;New York;2023-12-19;2023-12-26;Lost;173;20352,1;0,1;"Protective Case 6""";Accessories;117
Proposal;Enterprise;Senior;Premium;Webinar;Education;Growth;APAC;Australia;Victoria;2023-11-17;2023-12-26;Won;59;81733,82;0,5;Onsite Training;Services;1382
Prospecting;Enterprise;Senior;Standard;Email Campaign;Retail;Growth;APAC;Australia;New South Wales;2023-12-02;2023-12-26;Lost;413;100992,5;0,1;ReadingPlus Annual;Software;244
Prospecting;Mid-Market;Senior;Standard;Email Campaign;Manufacturing;Mature;North America;United States;New York;2023-11-17;2023-12-27;Lost;119;47041,07;0,0;Installation Service;Services;393
Qualification;Mid-Market;Junior;Basic;Webinar;Finance;Mature;North America;United States;California;2023-10-25;2023-12-28;Won;513;60123,09;0,2;Cloud Sync Pro;Software;117
Proposal;Mid-Market;Junior;Basic;Webinar;Finance;Mature;EMEA;Denmark;Hovedstaden;2023-11-02;2023-12-28;Lost;641;64103,58;0,4;"E-reader Lite 6"" 8 GB";Devices;100
Negotiation;Mid-Market;Junior;Premium;Partner Program;Technology;Mature;North America;Canada;British Columbia;2023-11-26;2023-12-30;Won;73;40369,11;0,7;Smart Speaker Max;Devices;546
Final Review;Mid-Market;Senior;Standard;Email Campaign;Healthcare;Mature;North America;United States;Washington;2023-11-06;2023-12-31;Won;312;49961,11;0,9;Office Suite Enterprise;Software;160
Final Review;Mid-Market;Senior;Basic;Webinar;Education;Mature;North America;United States;California;2023-10-23;2023-12-31;Won;1844;53490,58;0,8;Stylus Pro;Accessories;29
Negotiation;Mid-Market;Mid-Level;Standard;Partner Program;Manufacturing;Growth;APAC;Japan;Osaka;2023-12-15;2023-12-31;Won;187;45707,19;0,7;ReadingPlus Annual;Software;244
Prospecting;Enterprise;Principal;Premium;Digital Ads;Healthcare;Mature;North America;Canada;Ontario;2023-12-04;2024-01-01;Lost;111;95618,55;0,2;Extended Warranty;Services;855
Negotiation;Enterprise;Junior;Standard;Partner Program;Retail;Mature;EMEA;France;Île-de-France;2023-12-20;2024-01-02;Won;808;162523,12;0,7;Smart Speaker Mini;Devices;201
Negotiation;Mid-Market;Senior;Basic;Digital Ads;Technology;Mature;EMEA;United Kingdom;England;2023-11-19;2024-01-04;Won;193;22638,46;0,7;"Protective Case 6""";Accessories;117
Qualification;Mid-Market;Senior;Basic;Digital Ads;Manufacturing;Emerging;LATAM;Brazil;São Paulo;2023-10-27;2024-01-04;Lost;666;78027,53;0,2;"Protective Case 6""";Accessories;117
Proposal;Mid-Market;Mid-Level;Premium;Partner Program;Government;Mature;EMEA;Denmark;Hovedstaden;2023-12-09;2024-01-05;Lost;79;61827,68;0,6;"E-reader Platinum 8"" 32 GB";Devices;780
Prospecting;Enterprise;Junior;Standard;Webinar;Education;Growth;APAC;India;Maharashtra;2023-11-19;2024-01-05;Lost;498;100290,93;0,0;Smart Speaker Mini;Devices;201
Qualification;Mid-Market;Senior;Standard;Digital Ads;Manufacturing;Mature;North America;Canada;Quebec;2023-12-15;2024-01-06;Lost;370;59323,28;0,3;Office Suite Enterprise;Software;160
Prospecting;Mid-Market;Principal;Basic;Conference;Technology;Emerging;LATAM;Brazil;São Paulo;2023-12-07;2024-01-06;Lost;598;59862,65;0,1;"E-reader Lite 6"" 8 GB";Devices;100
Proposal;Mid-Market;Mid-Level;Basic;Conference;Government;Growth;APAC;Japan;Tokyo;2023-11-26;2024-01-06;Won;574;37934,96;0,5;Wireless Charger Pad;Accessories;66
Negotiation;Mid-Market;Senior;Premium;Conference;Manufacturing;Mature;North America;United States;New York;2023-12-20;2024-01-07;Won;67;55103,15;0,8;Premium Support;Services;819
Proposal;Mid-Market;Junior;Standard;Webinar;Education;Growth;APAC;Australia;New South Wales;2023-12-13;2024-01-08;Won;240;43620,79;0,4;Office Suite Basic;Software;181
Negotiation;Mid-Market;Mid-Level;Premium;Webinar;Government;Growth;APAC;Australia;New South Wales;2023-11-04;2024-01-08;Won;63;44192,41;0,7;"Tablet Pro 11"" 128 GB";Devices;694
Proposal;Enterprise;Mid-Level;Premium;Conference;Manufacturing;Mature;EMEA;Denmark;Hovedstaden;2023-11-30;2024-01-09;Won;98;80354,93;0,5;Premium Support;Services;819
Negotiation;Enterprise;Senior;Premium;Digital Ads;Finance;Mature;EMEA;France;Île-de-France;2023-11-30;2024-01-09;Won;227;124181,38;0,8;Smart Speaker Max;Devices;546
Negotiation;Mid-Market;Junior;Standard;Email Campaign;Government;Mature;EMEA;Denmark;Hovedstaden;2023-12-16;2024-01-09;Won;149;27004,99;0,6;Office Suite Basic;Software;181
Final Review;Mid-Market;Senior;Standard;Webinar;Healthcare;Mature;EMEA;France;Auvergne-Rhône-Alpes;2023-12-14;2024-01-09;Won;385;69729,66;0,9;Office Suite Basic;Software;181
Proposal;Enterprise;Principal;Premium;Conference;Finance;Emerging;LATAM;Mexico;Jalisco;2023-12-16;2024-01-10;Won;297;162335,68;0,5;Smart Speaker Max;Devices;546
Qualification;Enterprise;Senior;Basic;Email Campaign;Finance;Mature;EMEA;United Kingdom;Scotland;2023-12-13;2024-01-11;Won;1555;155521,88;0,2;"E-reader Lite 6"" 8 GB";Devices;100
Negotiation;Mid-Market;Senior;Basic;Partner Program;Government;Growth;APAC;Australia;New South Wales;2023-12-24;2024-01-13;Won;753;75334,37;0,6;"E-reader Lite 6"" 8 GB";Devices;100
Prospecting;Enterprise;Principal;Premium;Email Campaign;Finance;Mature;North America;United States;New York;2023-11-17;2024-01-14;Lost;140;97495,42;0,0;"Tablet Pro 11"" 128 GB";Devices;694
Prospecting;Mid-Market;Senior;Standard;Digital Ads;Healthcare;Mature;North America;Canada;Ontario;2023-12-03;2024-01-15;Lost;354;56691,16;0,0;Office Suite Enterprise;Software;160
Final Review;Mid-Market;Principal;Basic;Digital Ads;Retail;Growth;APAC;Japan;Tokyo;2023-12-31;2024-01-15;Won;731;62921,9;0,9;Travel Adapter Kit;Accessories;86
Final Review;Mid-Market;Mid-Level;Basic;Email Campaign;Manufacturing;Growth;APAC;Japan;Tokyo;2023-12-09;2024-01-15;Won;395;46325,04;0,9;"Protective Case 6""";Accessories;117
Proposal;Enterprise;Mid-Level;Premium;Partner Program;Retail;Mature;EMEA;Germany;Berlin;2023-12-22;2024-01-16;Won;71;99395,57;0,4;Onsite Training;Services;1382
Final Review;Mid-Market;Senior;Premium;Email Campaign;Education;Mature;North America;United States;California;2023-12-14;2024-01-16;Won;49;42128,57;0,9;Extended Warranty;Services;855
Qualification;Enterprise;Principal;Premium;Webinar;Retail;Growth;APAC;Australia;New South Wales;2023-12-14;2024-01-16;Won;158;123884,8;0,2;"E-reader Platinum 8"" 32 GB";Devices;780
Negotiation;Mid-Market;Junior;Basic;Email Campaign;Government;Mature;North America;United States;Washington;2023-12-26;2024-01-20;Lost;247;28960,38;0,7;Cloud Sync Pro;Software;117
Prospecting;Mid-Market;Senior;Premium;Email Campaign;Education;Mature;North America;Canada;British Columbia;2023-12-22;2024-01-20;Lost;50;43531,46;0,2;Extended Warranty;Services;855
Negotiation;Mid-Market;Junior;Basic;Conference;Manufacturing;Mature;EMEA;Denmark;Hovedstaden;2023-12-11;2024-01-20;Won;491;49169,63;0,6;"E-reader Lite 6"" 8 GB";Devices;100
Negotiation;Mid-Market;Senior;Premium;Partner Program;Finance;Emerging;LATAM;Brazil;São Paulo;2023-12-09;2024-01-21;Won;67;46988,95;0,7;"Tablet Pro 11"" 128 GB";Devices;694
Proposal;Mid-Market;Mid-Level;Standard;Webinar;Technology;Mature;EMEA;Germany;Bavaria;2023-12-08;2024-01-22;Won;144;35284,64;0,5;ReadingPlus Annual;Software;244
Qualification;Mid-Market;Mid-Level;Standard;Partner Program;Finance;Mature;EMEA;United Kingdom;Scotland;2023-12-17;2024-01-22;Won;396;79596,87;0,3;Smart Speaker Mini;Devices;201
Negotiation;Mid-Market;Senior;Basic;Conference;Education;Mature;North America;Canada;Quebec;2023-11-29;2024-01-22;Won;745;49193,62;0,7;Wireless Charger Pad;Accessories;66
Proposal;Mid-Market;Mid-Level;Premium;Webinar;Manufacturing;Growth;APAC;Australia;New South Wales;2023-12-22;2024-01-23;Won;92;64272,27;0,5;"Tablet Pro 11"" 128 GB";Devices;694
Qualification;Enterprise;Junior;Premium;Conference;Finance;Mature;EMEA;Denmark;Jylland;2023-12-06;2024-01-23;Lost;178;123818,09;0,3;"Tablet Pro 11"" 128 GB";Devices;694
Proposal;Mid-Market;Senior;Basic;Digital Ads;Manufacturing;Mature;North America;United States;California;2023-11-13;2024-01-25;Won;527;56402,05;0,5;Premium Headphones;Accessories;107
Prospecting;Mid-Market;Mid-Level;Standard;Webinar;Manufacturing;Mature;EMEA;Germany;Berlin;2024-01-15;2024-01-26;Lost;361;72745,31;0,2;Smart Speaker Mini;Devices;201
Final Review;Mid-Market;Senior;Basic;Conference;Government;Growth;APAC;India;Delhi;2024-01-01;2024-01-26;Won;573;67104,56;0,9;Cloud Sync Pro;Software;117
Qualification;Mid-Market;Junior;Standard;Conference;Finance;Growth;APAC;Japan;Tokyo;2023-10-16;2024-01-28;Won;376;60220,92;0,2;Office Suite Enterprise;Software;160
Prospecting;Mid-Market;Senior;Standard;Conference;Education;Mature;North America;Canada;British Columbia;2023-09-01;2024-01-29;Lost;130;51344,27;0,0;Installation Service;Services;393
Prospecting;Mid-Market;Junior;Basic;Digital Ads;Retail;Mature;North America;United States;Washington;2023-10-31;2024-01-30;Lost;413;35567,23;0,0;Travel Adapter Kit;Accessories;86
Negotiation;Enterprise;Principal;Premium;Conference;Education;Mature;EMEA;United Kingdom;Scotland;2024-01-18;2024-01-31;Won;72;100533,96;0,6;Onsite Training;Services;1382
Proposal;Mid-Market;Principal;Premium;Digital Ads;Manufacturing;Mature;EMEA;France;Île-de-France;2023-12-03;2024-02-01;Lost;38;52907,6;0,5;Onsite Training;Services;1382
Prospecting;Mid-Market;Senior;Premium;Conference;Government;Mature;EMEA;France;Île-de-France;2023-12-29;2024-02-01;Won;29;20611,59;0,2;"Tablet Pro 11"" 128 GB";Devices;694
Prospecting;Mid-Market;Mid-Level;Premium;Conference;Education;Mature;North America;Canada;British Columbia;2024-01-22;2024-02-02;Lost;25;34954,22;0,1;Onsite Training;Services;1382
Negotiation;Enterprise;Senior;Standard;Partner Program;Manufacturing;Mature;EMEA;France;Auvergne-Rhône-Alpes;2024-01-16;2024-02-03;Lost;523;83757,84;0,7;Office Suite Enterprise;Software;160
Final Review;Mid-Market;Senior;Basic;Digital Ads;Healthcare;Mature;EMEA;Spain;Catalonia;2023-12-20;2024-02-03;Won;1307;37904,09;0,8;Stylus Pro;Accessories;29
Proposal;Enterprise;Senior;Basic;Digital Ads;Finance;Mature;EMEA;United Kingdom;Scotland;2023-11-27;2024-02-03;Won;1157;135378,66;0,4;Cloud Sync Pro;Software;117
Negotiation;Mid-Market;Senior;Basic;Partner Program;Retail;Growth;APAC;India;Maharashtra;2023-12-24;2024-02-05;Won;460;49242,93;0,6;Premium Headphones;Accessories;107
Prospecting;Enterprise;Mid-Level;Basic;Email Campaign;Retail;Growth;APAC;Australia;Victoria;2023-12-18;2024-02-05;Lost;769;90008,88;0,0;"Protective Case 6""";Accessories;117
Final Review;Mid-Market;Junior;Basic;Partner Program;Technology;Mature;North America;United States;New York;2024-01-25;2024-02-06;Won;306;32817,36;0,9;Premium Headphones;Accessories;107
Negotiation;Enterprise;Junior;Basic;Email Campaign;Retail;Emerging;LATAM;Brazil;São Paulo;2024-01-24;2024-02-07;Won;825;88294,37;0,6;Premium Headphones;Accessories;107
Prospecting;Mid-Market;Principal;Basic;Conference;Technology;Mature;EMEA;Germany;Berlin;2023-12-05;2024-02-08;Lost;359;35998,53;0,2;"E-reader Lite 6"" 8 GB";Devices;100
Proposal;Mid-Market;Mid-Level;Basic;Webinar;Finance;Mature;North America;United States;New York;2023-12-18;2024-02-09;Lost;343;36710,4;0,5;Premium Headphones;Accessories;107
Proposal;Mid-Market;Mid-Level;Premium;Partner Program;Education;Growth;APAC;India;Delhi;2023-11-12;2024-02-09;Won;52;45275,61;0,4;Extended Warranty;Services;855
Qualification;Mid-Market;Mid-Level;Basic;Webinar;Healthcare;Mature;EMEA;Denmark;Hovedstaden;2023-11-30;2024-02-10;Lost;359;42113,39;0,2;Cloud Sync Pro;Software;117
Negotiation;Mid-Market;Junior;Basic;Digital Ads;Education;Growth;APAC;Australia;New South Wales;2024-01-04;2024-02-11;Won;302;39057,56;0,8;Parental Control Suite;Software;129
Negotiation;Mid-Market;Senior;Standard;Webinar;Government;Emerging;LATAM;Mexico;Jalisco;2023-11-05;2024-02-12;Lost;254;51100,53;0,7;Smart Speaker Mini;Devices;201
Proposal;Mid-Market;Principal;Premium;Email Campaign;Healthcare;Mature;North America;Canada;British Columbia;2024-01-07;2024-02-14;Lost;55;76784,09;0,5;Onsite Training;Services;1382
Proposal;Mid-Market;Principal;Standard;Partner Program;Manufacturing;Emerging;LATAM;Mexico;Jalisco;2024-01-15;2024-02-15;Lost;378;75989,08;0,4;Smart Speaker Mini;Devices;201
Negotiation;Mid-Market;Mid-Level;Basic;Partner Program;Education;Mature;North America;United States;California;2024-01-24;2024-02-16;Lost;388;41596,11;0,7;Premium Headphones;Accessories;107
Proposal;SMB;Principal;Basic;Digital Ads;Government;Mature;EMEA;Spain;Catalonia;2024-02-04;2024-02-16;Lost;526;15259,68;0,5;Stylus Pro;Accessories;29
Qualification;Mid-Market;Principal;Basic;Email Campaign;Government;Mature;EMEA;Spain;Madrid;2023-12-16;2024-02-16;Lost;172;20191,91;0,2;"Protective Case 6""";Accessories;117
Prospecting;Enterprise;Junior;Basic;Conference;Healthcare;Mature;North America;United States;New York;2024-02-01;2024-02-19;Lost;4589;133106,29;0,2;Stylus Pro;Accessories;29
Qualification;Mid-Market;Principal;Standard;Email Campaign;Government;Emerging;LATAM;Brazil;São Paulo;2024-01-07;2024-02-21;Lost;169;41317,59;0,3;ReadingPlus Annual;Software;244
Prospecting;Enterprise;Junior;Premium;Webinar;Education;Mature;North America;Canada;British Columbia;2024-01-16;2024-02-22;Lost;62;85773,92;0,1;Onsite Training;Services;1382
Qualification;Enterprise;Junior;Premium;Digital Ads;Healthcare;Mature;EMEA;France;Île-de-France;2024-02-01;2024-02-22;Lost;98;80434,57;0,4;Premium Support;Services;819
Qualification;Mid-Market;Mid-Level;Premium;Webinar;Government;Growth;APAC;Australia;New South Wales;2024-01-25;2024-02-22;Lost;86;59932,37;0,2;"Tablet Pro 11"" 128 GB";Devices;694
Qualification;Enterprise;Junior;Premium;Conference;Finance;Mature;EMEA;Germany;Hesse;2024-01-20;2024-02-23;Lost;204;159539,32;0,2;"E-reader Platinum 8"" 32 GB";Devices;780
Negotiation;Mid-Market;Principal;Standard;Email Campaign;Finance;Emerging;LATAM;Brazil;São Paulo;2023-12-27;2024-02-24;Won;431;78173,73;0,7;Office Suite Basic;Software;181
Proposal;Mid-Market;Principal;Basic;Conference;Healthcare;Growth;APAC;India;Delhi;2024-02-09;2024-02-24;Won;764;76488,88;0,4;"E-reader Lite 6"" 8 GB";Devices;100
Negotiation;Mid-Market;Junior;Standard;Digital Ads;Government;Mature;EMEA;Spain;Madrid;2023-12-11;2024-02-24;Won;304;48704,29;0,7;Office Suite Enterprise;Software;160
Negotiation;Mid-Market;Senior;Basic;Digital Ads;Manufacturing;Growth;APAC;India;Delhi;2023-12-21;2024-02-24;Lost;365;47186,41;0,7;Parental Control Suite;Software;129
Prospecting;Mid-Market;Senior;Basic;Webinar;Government;Mature;EMEA;United Kingdom;England;2024-01-15;2024-02-25;Lost;349;30037,12;0,1;Travel Adapter Kit;Accessories;86
Prospecting;Mid-Market;Senior;Premium;Webinar;Technology;Growth;APAC;India;Karnataka;2024-01-23;2024-02-28;Lost;35;30139,37;0,0;Extended Warranty;Services;855
Proposal;Enterprise;Senior;Standard;Webinar;Finance;Mature;North America;United States;Texas;2024-01-28;2024-02-28;Won;875;140022,19;0,4;Office Suite Enterprise;Software;160
Proposal;Mid-Market;Principal;Standard;Webinar;Finance;Mature;EMEA;France;Auvergne-Rhône-Alpes;2024-02-16;2024-02-28;Won;155;60947,52;0,5;Installation Service;Services;393
Prospecting;Mid-Market;Junior;Basic;Webinar;Healthcare;Mature;North America;United States;Texas;2024-01-06;2024-03-01;Lost;550;58945,95;0,0;Premium Headphones;Accessories;107
Negotiation;Mid-Market;Junior;Basic;Email Campaign;Healthcare;Mature;North America;Canada;Ontario;2024-02-12;2024-03-02;Won;735;21316,9;0,7;Stylus Pro;Accessories;29
Qualification;Mid-Market;Senior;Basic;Digital Ads;Manufacturing;Mature;North America;Canada;British Columbia;2023-12-31;2024-03-03;Won;370;24445,33;0,4;Wireless Charger Pad;Accessories;66
Proposal;Enterprise;Principal;Standard;Email Campaign;Manufacturing;Mature;North America;Canada;Quebec;2024-01-18;2024-03-05;Won;473;85782,82;0,4;Office Suite Basic;Software;181
Prospecting;Mid-Market;Principal;Basic;Email Campaign;Finance;Mature;EMEA;France;Auvergne-Rhône-Alpes;2023-08-11;2024-03-06;Won;475;55614,35;0,2;"Protective Case 6""";Accessories;117
Prospecting;Mid-Market;Senior;Basic;Digital Ads;Finance;Mature;North America;United States;New York;2024-02-24;2024-03-06;Lost;2574;74667,91;0,0;Stylus Pro;Accessories;29
Prospecting;Mid-Market;Mid-Level;Standard;Conference;Government;Growth;APAC;Australia;Victoria;2024-02-09;2024-03-06;Lost;193;38986,45;0,0;Smart Speaker Mini;Devices;201
Qualification;Mid-Market;Senior;Basic;Email Campaign;Retail;Mature;EMEA;United Kingdom;Scotland;2024-02-19;2024-03-06;Lost;682;45033,69;0,3;Wireless Charger Pad;Accessories;66
Negotiation;Mid-Market;Junior;Basic;Digital Ads;Education;Mature;EMEA;Spain;Catalonia;2024-02-13;2024-03-06;Won;289;33869,31;0,8;"Protective Case 6""";Accessories;117
Negotiation;Mid-Market;Mid-Level;Basic;Webinar;Technology;Emerging;LATAM;Mexico;Jalisco;2024-02-04;2024-03-07;Won;195;25237,01;0,7;Parental Control Suite;Software;129
Prospecting;Mid-Market;Junior;Premium;Webinar;Technology;Mature;North America;Canada;Ontario;2024-03-01;2024-03-12;Lost;81;44668,42;0,0;Smart Speaker Max;Devices;546
Prospecting;Mid-Market;Mid-Level;Premium;Conference;Manufacturing;Growth;APAC;Australia;New South Wales;2024-02-03;2024-03-12;Lost;33;45993,42;0,1;Onsite Training;Services;1382
Prospecting;Enterprise;Mid-Level;Standard;Webinar;Manufacturing;Growth;APAC;India;Karnataka;2024-02-21;2024-03-12;Lost;252;99128,84;0,1;Installation Service;Services;393
Negotiation;Mid-Market;Senior;Basic;Partner Program;Finance;Mature;EMEA;Germany;Berlin;2024-01-04;2024-03-13;Won;462;30503,96;0,6;Wireless Charger Pad;Accessories;66
Qualification;Mid-Market;Mid-Level;Standard;Partner Program;Manufacturing;Mature;North America;Canada;British Columbia;2024-01-08;2024-03-13;Lost;163;39877,2;0,3;ReadingPlus Annual;Software;244
Negotiation;Enterprise;Junior;Premium;Webinar;Retail;Mature;North America;United States;New York;2024-02-16;2024-03-14;Won;248;135577,89;0,7;Smart Speaker Max;Devices;546
Proposal;Enterprise;Principal;Premium;Partner Program;Healthcare;Mature;EMEA;France;Île-de-France;2023-11-30;2024-03-14;Lost;183;99947,13;0,5;Smart Speaker Max;Devices;546
Qualification;Mid-Market;Principal;Basic;Digital Ads;Finance;Mature;EMEA;France;Île-de-France;2023-11-24;2024-03-15;Lost;404;47298,82;0,2;Cloud Sync Pro;Software;117
Qualification;Mid-Market;Principal;Premium;Conference;Technology;Emerging;LATAM;Mexico;Mexico City;2023-11-17;2024-03-16;Lost;93;51230,85;0,3;Smart Speaker Max;Devices;546
Prospecting;Mid-Market;Junior;Premium;Partner Program;Retail;Mature;North America;Canada;Ontario;2024-01-21;2024-03-17;Lost;36;50456,86;0,2;Onsite Training;Services;1382
Proposal;Mid-Market;Mid-Level;Basic;Digital Ads;Finance;Emerging;LATAM;Brazil;Rio de Janeiro;2024-03-01;2024-03-18;Won;468;60469,96;0,5;Parental Control Suite;Software;129
Negotiation;Mid-Market;Principal;Basic;Conference;Technology;Mature;EMEA;Denmark;Jylland;2024-03-10;2024-03-19;Won;354;23387,05;0,7;Wireless Charger Pad;Accessories;66
Negotiation;Mid-Market;Junior;Basic;Email Campaign;Manufacturing;Growth;APAC;Japan;Osaka;2023-12-16;2024-03-19;Lost;299;32010,41;0,6;Premium Headphones;Accessories;107
Negotiation;Mid-Market;Junior;Premium;Digital Ads;Manufacturing;Mature;EMEA;United Kingdom;England;2023-12-27;2024-03-20;Lost;36;50251,18;0,7;Onsite Training;Services;1382
Qualification;Mid-Market;Principal;Basic;Email Campaign;Healthcare;Emerging;LATAM;Mexico;Jalisco;2023-11-16;2024-03-20;Lost;493;57740,5;0,3;"Protective Case 6""";Accessories;117
Negotiation;Mid-Market;Junior;Premium;Partner Program;Education;Growth;APAC;Australia;Victoria;2024-02-18;2024-03-20;Won;85;66518,04;0,7;"E-reader Platinum 8"" 32 GB";Devices;780
Prospecting;Mid-Market;Senior;Basic;Email Campaign;Manufacturing;Emerging;LATAM;Brazil;Rio de Janeiro;2024-02-22;2024-03-22;Lost;509;59561,53;0,1;"Protective Case 6""";Accessories;117
Qualification;Mid-Market;Senior;Basic;Partner Program;Manufacturing;Emerging;LATAM;Brazil;Rio de Janeiro;2024-01-23;2024-03-23;Lost;613;61356,33;0,3;"E-reader Lite 6"" 8 GB";Devices;100
Proposal;Mid-Market;Senior;Standard;Digital Ads;Education;Growth;APAC;India;Delhi;2023-12-04;2024-03-24;Lost;182;44609,97;0,5;ReadingPlus Annual;Software;244
Proposal;Mid-Market;Junior;Premium;Email Campaign;Finance;Emerging;LATAM;Brazil;Rio de Janeiro;2024-02-03;2024-03-25;Won;42;62572,66;0,5;Data Migration;Services;1487
Proposal;Mid-Market;Senior;Premium;Conference;Government;Growth;APAC;Japan;Osaka;2024-02-06;2024-03-25;Won;22;31268;0,5;Onsite Training;Services;1382
Final Review;Mid-Market;Senior;Standard;Webinar;Manufacturing;Mature;EMEA;United Kingdom;Scotland;2024-02-24;2024-03-26;Won;245;44365,04;0,8;Office Suite Basic;Software;181
Prospecting;Mid-Market;Senior;Standard;Digital Ads;Finance;Growth;APAC;Japan;Tokyo;2024-01-07;2024-03-27;Won;464;74256,22;0,0;Office Suite Enterprise;Software;160
Negotiation;Mid-Market;Principal;Basic;Webinar;Healthcare;Growth;APAC;India;Delhi;2024-03-06;2024-03-28;Won;289;24886,01;0,7;Travel Adapter Kit;Accessories;86
Negotiation;Mid-Market;Mid-Level;Premium;Webinar;Technology;Mature;EMEA;United Kingdom;Scotland;2024-01-24;2024-03-28;Won;21;31495,25;0,7;Data Migration;Services;1487
Proposal;Mid-Market;Principal;Basic;Email Campaign;Finance;Mature;EMEA;Spain;Catalonia;2024-03-18;2024-03-29;Won;614;52849,62;0,6;Travel Adapter Kit;Accessories;86
Negotiation;Mid-Market;Principal;Basic;Conference;Government;Growth;APAC;Australia;New South Wales;2024-02-29;2024-03-29;Won;719;47458,01;0,7;Wireless Charger Pad;Accessories;66
Negotiation;Mid-Market;Senior;Standard;Email Campaign;Manufacturing;Mature;EMEA;United Kingdom;Scotland;2024-02-17;2024-03-29;Won;269;48838,77;0,7;Office Suite Basic;Software;181
Prospecting;Enterprise;Junior;Basic;Partner Program;Manufacturing;Growth;APAC;Japan;Tokyo;2024-02-02;2024-03-29;Won;723;84601,57;0,0;Cloud Sync Pro;Software;117
Prospecting;Mid-Market;Senior;Basic;Conference;Education;Emerging;LATAM;Brazil;Rio de Janeiro;2024-03-20;2024-03-29;Lost;225;29075,14;0,1;Parental Control Suite;Software;129
Proposal;Enterprise;Mid-Level;Premium;Digital Ads;Manufacturing;Growth;APAC;Japan;Tokyo;2024-02-11;2024-03-30;Won;175;143632,17;0,5;Premium Support;Services;819
Qualification;Mid-Market;Senior;Basic;Webinar;Manufacturing;Mature;EMEA;Spain;Madrid;2024-03-03;2024-04-01;Won;462;46235,51;0,4;"E-reader Lite 6"" 8 GB";Devices;100
Negotiation;Mid-Market;Senior;Premium;Partner Program;Retail;Growth;APAC;Australia;New South Wales;2024-02-22;2024-04-01;Won;42;63849,24;0,7;Data Migration;Services;1487
Negotiation;Mid-Market;Principal;Basic;Partner Program;Finance;Mature;EMEA;Spain;Madrid;2023-11-11;2024-04-02;Won;439;51479,18;0,6;"Protective Case 6""";Accessories;117
Prospecting;Enterprise;Principal;Standard;Partner Program;Manufacturing;Mature;North America;Canada;Quebec;2024-02-02;2024-04-05;Lost;246;97010,55;0,1;Installation Service;Services;393
Prospecting;Mid-Market;Junior;Standard;Digital Ads;Technology;Mature;North America;United States;Washington;2024-02-11;2024-04-05;Won;195;47721,49;0,0;ReadingPlus Annual;Software;244
Proposal;Mid-Market;Junior;Premium;Email Campaign;Technology;Growth;APAC;Japan;Osaka;2024-01-24;2024-04-09;Won;42;34708,05;0,5;Premium Support;Services;819
Prospecting;Mid-Market;Junior;Premium;Conference;Manufacturing;Growth;APAC;India;Karnataka;2024-02-24;2024-04-09;Won;32;48184,92;0,0;Data Migration;Services;1487
Negotiation;Mid-Market;Senior;Standard;Digital Ads;Government;Mature;North America;Canada;Ontario;2023-12-24;2024-04-10;Won;238;43089,5;0,8;Office Suite Basic;Software;181
Qualification;Mid-Market;Principal;Basic;Digital Ads;Education;Mature;North America;Canada;Quebec;2024-01-02;2024-04-12;Won;438;37669,12;0,3;Travel Adapter Kit;Accessories;86
Qualification;Mid-Market;Principal;Basic;Partner Program;Government;Mature;North America;United States;California;2024-03-07;2024-04-14;Won;364;36413,45;0,2;"E-reader Lite 6"" 8 GB";Devices;100
Proposal;Mid-Market;Mid-Level;Premium;Conference;Government;Mature;North America;United States;New York;2024-02-18;2024-04-15;Lost;63;52133,79;0,5;Premium Support;Services;819
Prospecting;Mid-Market;Principal;Basic;Digital Ads;Finance;Growth;APAC;India;Karnataka;2024-03-12;2024-04-15;Lost;302;35400,15;0,1;"Protective Case 6""";Accessories;117
Final Review;Mid-Market;Senior;Premium;Webinar;Education;Mature;North America;United States;Washington;2024-02-25;2024-04-16;Won;50;40952,87;0,8;Premium Support;Services;819
Final Review;Mid-Market;Principal;Premium;Partner Program;Technology;Mature;North America;United States;New York;2024-01-13;2024-04-18;Won;138;75698,66;0,8;Smart Speaker Max;Devices;546
Proposal;Mid-Market;Principal;Premium;Email Campaign;Government;Mature;EMEA;Denmark;Jylland;2024-04-06;2024-04-19;Won;68;58243,84;0,5;Extended Warranty;Services;855
Negotiation;Mid-Market;Principal;Premium;Digital Ads;Manufacturing;Mature;EMEA;Spain;Catalonia;2024-01-27;2024-04-20;Won;71;49482,15;0,6;"Tablet Pro 11"" 128 GB";Devices;694
Qualification;Mid-Market;Principal;Premium;Digital Ads;Education;Mature;North America;United States;New York;2024-04-04;2024-04-21;Won;57;79747,39;0,4;Onsite Training;Services;1382
Negotiation;Enterprise;Senior;Premium;Email Campaign;Finance;Mature;EMEA;Germany;Bavaria;2024-03-17;2024-04-22;Won;145;124022,98;0,7;Extended Warranty;Services;855
Qualification;Mid-Market;Mid-Level;Premium;Email Campaign;Healthcare;Growth;APAC;India;Karnataka;2024-03-29;2024-04-22;Lost;33;46082,26;0,3;Onsite Training;Services;1382
Proposal;Mid-Market;Principal;Premium;Partner Program;Manufacturing;Mature;EMEA;Spain;Madrid;2024-01-18;2024-04-22;Won;91;71237,07;0,5;"E-reader Platinum 8"" 32 GB";Devices;780
Prospecting;Enterprise;Junior;Premium;Email Campaign;Finance;Mature;EMEA;Germany;Hesse;2024-04-10;2024-04-22;Lost;133;104150,66;0,0;"E-reader Platinum 8"" 32 GB";Devices;780
Prospecting;Mid-Market;Mid-Level;Basic;Partner Program;Healthcare;Emerging;LATAM;Brazil;Rio de Janeiro;2024-04-03;2024-04-25;Lost;561;72435,1;0,2;Parental Control Suite;Software;129
Prospecting;Mid-Market;Mid-Level;Basic;Email Campaign;Retail;Mature;North America;Canada;Quebec;2024-04-12;2024-04-27;Lost;943;62272,43;0,1;Wireless Charger Pad;Accessories;66
Qualification;Mid-Market;Mid-Level;Premium;Partner Program;Education;Growth;APAC;India;Karnataka;2024-03-15;2024-04-27;Lost;38;57759,86;0,3;Data Migration;Services;1487
Prospecting;Enterprise;Principal;Basic;Conference;Finance;Emerging;LATAM;Brazil;São Paulo;2024-01-18;2024-04-28;Lost;775;90788,86;0,2;"Protective Case 6""";Accessories;117
Prospecting;Enterprise;Mid-Level;Standard;Email Campaign;Healthcare;Mature;North America;Canada;Quebec;2024-04-03;2024-04-28;Won;455;91628,14;0,1;Smart Speaker Mini;Devices;201
Proposal;Mid-Market;Senior;Standard;Email Campaign;Education;Mature;EMEA;Spain;Catalonia;2024-02-09;2024-05-01;Won;256;40965,05;0,4;Office Suite Enterprise;Software;160
Negotiation;Enterprise;Junior;Standard;Digital Ads;Manufacturing;Emerging;LATAM;Brazil;Rio de Janeiro;2024-03-20;2024-05-01;Won;371;90574,81;0,7;ReadingPlus Annual;Software;244
Negotiation;Enterprise;Principal;Premium;Email Campaign;Education;Mature;EMEA;France;Île-de-France;2024-03-02;2024-05-04;Won;207;113179,07;0,7;Smart Speaker Max;Devices;546
Final Review;Mid-Market;Mid-Level;Basic;Webinar;Technology;Mature;EMEA;Spain;Madrid;2024-02-22;2024-05-05;Won;271;31782,72;0,9;"Protective Case 6""";Accessories;117
Final Review;Mid-Market;Senior;Basic;Webinar;Manufacturing;Growth;APAC;Japan;Osaka;2024-03-22;2024-05-06;Won;595;76789,41;0,9;Parental Control Suite;Software;129
Proposal;SMB;Principal;Basic;Webinar;Government;Growth;APAC;India;Maharashtra;2024-03-25;2024-05-06;Won;165;19366,32;0,5;"Protective Case 6""";Accessories;117
Negotiation;Enterprise;Principal;Premium;Digital Ads;Retail;Mature;North America;Canada;Ontario;2024-02-02;2024-05-08;Won;83;124693,61;0,6;Data Migration;Services;1487
Proposal;Enterprise;Junior;Standard;Webinar;Education;Mature;North America;United States;Washington;2024-04-14;2024-05-10;Lost;439;88287,6;0,4;Smart Speaker Mini;Devices;201
Proposal;Enterprise;Junior;Standard;Digital Ads;Healthcare;Mature;EMEA;United Kingdom;Scotland;2024-03-06;2024-05-12;Won;811;129815,48;0,5;Office Suite Enterprise;Software;160
Prospecting;Mid-Market;Junior;Basic;Webinar;Manufacturing;Mature;EMEA;Denmark;Hovedstaden;2024-02-16;2024-05-12;Lost;1466;42538,96;0,1;Stylus Pro;Accessories;29
Qualification;Mid-Market;Junior;Basic;Partner Program;Healthcare;Growth;APAC;Japan;Osaka;2024-03-28;2024-05-12;Lost;361;46655,95;0,2;Parental Control Suite;Software;129
Proposal;Enterprise;Mid-Level;Basic;Webinar;Finance;Mature;North America;Canada;Quebec;2024-03-09;2024-05-12;Won;1389;138955,22;0,4;"E-reader Lite 6"" 8 GB";Devices;100
Qualification;Mid-Market;Principal;Standard;Partner Program;Retail;Emerging;LATAM;Brazil;Rio de Janeiro;2024-02-21;2024-05-13;Lost;280;44899,51;0,3;Office Suite Enterprise;Software;160
Negotiation;Mid-Market;Principal;Basic;Webinar;Manufacturing;Mature;EMEA;Spain;Catalonia;2023-12-25;2024-05-13;Lost;479;61841,08;0,7;Parental Control Suite;Software;129
Negotiation;Mid-Market;Principal;Standard;Email Campaign;Manufacturing;Emerging;LATAM;Mexico;Jalisco;2024-03-03;2024-05-14;Won;268;65511,41;0,6;ReadingPlus Annual;Software;244
Prospecting;Mid-Market;Senior;Standard;Digital Ads;Manufacturing;Mature;North America;United States;Washington;2024-04-30;2024-05-16;Won;322;58288,73;0,0;Office Suite Basic;Software;181
Negotiation;Mid-Market;Senior;Basic;Email Campaign;Finance;Growth;APAC;India;Maharashtra;2024-03-31;2024-05-16;Won;395;51031,28;0,6;Parental Control Suite;Software;129
Negotiation;Mid-Market;Senior;Premium;Webinar;Government;Mature;North America;Canada;Ontario;2024-04-26;2024-05-17;Won;37;29498,06;0,7;"E-reader Platinum 8"" 32 GB";Devices;780
Proposal;Mid-Market;Junior;Premium;Webinar;Technology;Growth;APAC;Japan;Tokyo;2024-03-03;2024-05-18;Lost;24;34415,56;0,6;Onsite Training;Services;1382
Proposal;Enterprise;Mid-Level;Premium;Partner Program;Finance;Mature;North America;Canada;Ontario;2024-04-09;2024-05-18;Won;173;120244,62;0,4;"Tablet Pro 11"" 128 GB";Devices;694
Qualification;Mid-Market;Senior;Basic;Partner Program;Manufacturing;Mature;North America;Canada;Ontario;2024-04-03;2024-05-18;Lost;189;22188,2;0,2;"Protective Case 6""";Accessories;117
Prospecting;Mid-Market;Principal;Premium;Email Campaign;Manufacturing;Mature;EMEA;Denmark;Hovedstaden;2024-04-25;2024-05-21;Won;49;42103,56;0,2;Extended Warranty;Services;855
Prospecting;Enterprise;Mid-Level;Premium;Webinar;Retail;Growth;APAC;Australia;New South Wales;2024-01-31;2024-05-21;Lost;212;165770,33;0,0;"E-reader Platinum 8"" 32 GB";Devices;780
Negotiation;Mid-Market;Senior;Basic;Webinar;Manufacturing;Mature;North America;Canada;British Columbia;2024-04-19;2024-05-21;Won;602;39783,76;0,7;Wireless Charger Pad;Accessories;66
Proposal;Enterprise;Mid-Level;Premium;Digital Ads;Finance;Growth;APAC;Japan;Tokyo;2024-05-03;2024-05-21;Won;192;150116,34;0,6;"E-reader Platinum 8"" 32 GB";Devices;780
Negotiation;Mid-Market;Mid-Level;Standard;Digital Ads;Finance;Emerging;LATAM;Brazil;Rio de Janeiro;2024-04-25;2024-05-22;Lost;232;56797,31;0,7;ReadingPlus Annual;Software;244
Proposal;Enterprise;Senior;Premium;Conference;Finance;Mature;North America;United States;California;2024-03-03;2024-05-23;Lost;70;96854,66;0,5;Onsite Training;Services;1382
Prospecting;Mid-Market;Mid-Level;Standard;Email Campaign;Manufacturing;Mature;EMEA;Spain;Catalonia;2024-04-24;2024-05-23;Lost;436;79035,78;0,2;Office Suite Basic;Software;181
Proposal;Mid-Market;Principal;Premium;Partner Program;Finance;Mature;North America;United States;California;2024-03-18;2024-05-24;Won;65;53739,18;0,5;Premium Support;Services;819
Proposal;Mid-Market;Principal;Premium;Webinar;Government;Mature;EMEA;France;Auvergne-Rhône-Alpes;2024-03-31;2024-05-24;Lost;107;74489,21;0,6;"Tablet Pro 11"" 128 GB";Devices;694
Qualification;Enterprise;Senior;Premium;Partner Program;Finance;Emerging;LATAM;Brazil;São Paulo;2024-04-16;2024-05-25;Lost;150;104186,75;0,2;"Tablet Pro 11"" 128 GB";Devices;694
Final Review;Mid-Market;Junior;Basic;Partner Program;Finance;Growth;APAC;Australia;New South Wales;2024-04-24;2024-05-25;Won;1615;46851,85;0,9;Stylus Pro;Accessories;29
Negotiation;Mid-Market;Principal;Basic;Conference;Retail;Mature;North America;United States;New York;2024-04-30;2024-05-26;Won;641;75064,57;0,7;Cloud Sync Pro;Software;117
Qualification;Mid-Market;Junior;Basic;Partner Program;Manufacturing;Mature;EMEA;Spain;Catalonia;2024-03-21;2024-05-26;Won;577;57712,6;0,4;"E-reader Lite 6"" 8 GB";Devices;100
Proposal;Mid-Market;Senior;Standard;Conference;Manufacturing;Mature;North America;Canada;Ontario;2024-03-29;2024-05-27;Won;233;57025,81;0,6;ReadingPlus Annual;Software;244
Proposal;Mid-Market;Principal;Premium;Digital Ads;Technology;Emerging;LATAM;Mexico;Jalisco;2024-02-20;2024-05-27;Won;52;72591,76;0,5;Onsite Training;Services;1382
Qualification;Enterprise;Senior;Standard;Digital Ads;Retail;Mature;North America;Canada;British Columbia;2024-04-15;2024-05-28;Lost;214;84286,29;0,3;Installation Service;Services;393
Prospecting;Mid-Market;Mid-Level;Premium;Digital Ads;Manufacturing;Growth;APAC;Japan;Tokyo;2024-04-02;2024-05-28;Lost;46;38304,39;0,1;Premium Support;Services;819
Qualification;Enterprise;Junior;Premium;Webinar;Finance;Mature;North America;United States;New York;2024-04-07;2024-05-28;Won;180;140819,95;0,2;"E-reader Platinum 8"" 32 GB";Devices;780
Proposal;Enterprise;Principal;Premium;Webinar;Finance;Growth;APAC;Australia;New South Wales;2024-05-11;2024-05-29;Lost;102;80073,77;0,6;"E-reader Platinum 8"" 32 GB";Devices;780
Negotiation;Mid-Market;Mid-Level;Premium;Conference;Retail;Mature;EMEA;France;Auvergne-Rhône-Alpes;2023-12-24;2024-05-29;Won;68;56493,09;0,7;Premium Support;Services;819
Proposal;Mid-Market;Junior;Basic;Conference;Retail;Mature;EMEA;Denmark;Hovedstaden;2024-03-03;2024-05-29;Lost;381;44686,95;0,5;"Protective Case 6""";Accessories;117
Qualification;Mid-Market;Junior;Basic;Conference;Finance;Growth;APAC;Australia;Victoria;2024-04-07;2024-06-01;Lost;662;56946,78;0,3;Travel Adapter Kit;Accessories;86
Proposal;Mid-Market;Principal;Basic;Email Campaign;Manufacturing;Mature;EMEA;Germany;Berlin;2024-05-23;2024-06-03;Won;802;52964,7;0,6;Wireless Charger Pad;Accessories;66
Prospecting;Mid-Market;Mid-Level;Basic;Email Campaign;Manufacturing;Mature;North America;Canada;Quebec;2024-05-21;2024-06-04;Lost;231;29900,81;0,1;Parental Control Suite;Software;129
Negotiation;Enterprise;Junior;Basic;Webinar;Finance;Mature;EMEA;Germany;Berlin;2024-03-08;2024-06-04;Lost;702;82232,6;0,6;Cloud Sync Pro;Software;117
Negotiation;Mid-Market;Senior;Standard;Digital Ads;Healthcare;Emerging;LATAM;Brazil;Rio de Janeiro;2024-04-29;2024-06-04;Won;497;79577,41;0,8;Office Suite Enterprise;Software;160
Qualification;Mid-Market;Senior;Premium;Webinar;Healthcare;Growth;APAC;India;Maharashtra;2024-02-04;2024-06-05;Lost;62;51364,74;0,3;Premium Support;Services;819
Proposal;Mid-Market;Senior;Standard;Conference;Manufacturing;Growth;APAC;Japan;Osaka;2024-05-05;2024-06-05;Won;249;39867,02;0,5;Office Suite Enterprise;Software;160
Prospecting;Enterprise;Principal;Premium;Digital Ads;Manufacturing;Mature;North America;United States;Texas;2024-05-07;2024-06-05;Lost;149;81509,46;0,1;Smart Speaker Max;Devices;546
Proposal;Mid-Market;Mid-Level;Standard;Digital Ads;Finance;Growth;APAC;Japan;Osaka;2024-05-07;2024-06-06;Won;118;46640,59;0,5;Installation Service;Services;393
Qualification;Enterprise;Principal;Premium;Email Campaign;Healthcare;Emerging;LATAM;Brazil;São Paulo;2024-05-20;2024-06-07;Lost;133;109581;0,2;Premium Support;Services;819
Qualification;Mid-Market;Mid-Level;Basic;Partner Program;Retail;Mature;North America;United States;New York;2024-03-28;2024-06-07;Won;572;73905,67;0,4;Parental Control Suite;Software;129
Negotiation;Enterprise;Senior;Premium;Partner Program;Education;Mature;EMEA;Denmark;Hovedstaden;2024-05-29;2024-06-07;Lost;72;108546,87;0,7;Data Migration;Services;1487
Final Review;Enterprise;Senior;Basic;Partner Program;Healthcare;Mature;EMEA;Denmark;Jylland;2024-04-24;2024-06-09;Won;789;84427,48;0,9;Premium Headphones;Accessories;107
Negotiation;Mid-Market;Junior;Standard;Webinar;Manufacturing;Mature;EMEA;Spain;Madrid;2024-04-17;2024-06-09;Won;328;52577,71;0,8;Office Suite Enterprise;Software;160
Negotiation;Mid-Market;Mid-Level;Premium;Webinar;Manufacturing;Mature;EMEA;Germany;Bavaria;2024-04-11;2024-06-11;Lost;111;77253,48;0,7;"Tablet Pro 11"" 128 GB";Devices;694
Qualification;Mid-Market;Senior;Basic;Digital Ads;Government;Mature;North America;United States;Washington;2024-05-25;2024-06-13;Won;527;52707,56;0,4;"E-reader Lite 6"" 8 GB";Devices;100
Qualification;Mid-Market;Senior;Basic;Partner Program;Finance;Mature;EMEA;Denmark;Jylland;2024-04-01;2024-06-13;Lost;276;32293,7;0,3;"Protective Case 6""";Accessories;117
Qualification;Mid-Market;Senior;Standard;Email Campaign;Technology;Emerging;LATAM;Brazil;Rio de Janeiro;2024-06-01;2024-06-17;Lost;297;72646,81;0,3;ReadingPlus Annual;Software;244
Prospecting;Mid-Market;Mid-Level;Premium;Email Campaign;Technology;Emerging;LATAM;Brazil;São Paulo;2024-05-20;2024-06-18;Lost;112;61454,26;0,1;Smart Speaker Max;Devices;546
Negotiation;Mid-Market;Mid-Level;Standard;Webinar;Healthcare;Mature;EMEA;United Kingdom;England;2024-05-21;2024-06-20;Won;339;61405,3;0,7;Office Suite Basic;Software;181
Qualification;Enterprise;Senior;Standard;Webinar;Manufacturing;Mature;EMEA;Germany;Hesse;2024-04-28;2024-06-21;Lost;233;91737,89;0,3;Installation Service;Services;393
Prospecting;Enterprise;Principal;Basic;Email Campaign;Healthcare;Mature;North America;United States;California;2024-04-03;2024-06-21;Won;1282;150093,29;0,1;Cloud Sync Pro;Software;117
Negotiation;Mid-Market;Mid-Level;Standard;Email Campaign;Manufacturing;Growth;APAC;India;Maharashtra;2024-05-23;2024-06-22;Won;286;51908,89;0,6;Office Suite Basic;Software;181
Qualification;Mid-Market;Mid-Level;Standard;Email Campaign;Healthcare;Mature;North America;United States;Texas;2024-05-12;2024-06-22;Lost;262;64140,21;0,2;ReadingPlus Annual;Software;244
Qualification;Enterprise;Principal;Basic;Partner Program;Retail;Mature;North America;Canada;Ontario;2024-05-09;2024-06-22;Won;1103;110322,96;0,3;"E-reader Lite 6"" 8 GB";Devices;100
Prospecting;Mid-Market;Mid-Level;Basic;Conference;Manufacturing;Mature;EMEA;France;Auvergne-Rhône-Alpes;2024-06-04;2024-06-25;Lost;663;66318,86;0,0;"E-reader Lite 6"" 8 GB";Devices;100
Proposal;Mid-Market;Principal;Premium;Partner Program;Technology;Growth;APAC;Japan;Osaka;2024-05-14;2024-06-26;Lost;102;71039,75;0,5;"Tablet Pro 11"" 128 GB";Devices;694
Negotiation;Enterprise;Senior;Basic;Digital Ads;Finance;Mature;North America;United States;Washington;2024-06-11;2024-06-27;Won;720;92907,43;0,7;Parental Control Suite;Software;129
Negotiation;Mid-Market;Mid-Level;Premium;Conference;Healthcare;Mature;EMEA;Spain;Madrid;2024-02-12;2024-06-28;Won;75;62239,6;0,7;Premium Support;Services;819
Qualification;Mid-Market;Junior;Basic;Digital Ads;Healthcare;Mature;North America;United States;New York;2024-05-01;2024-06-28;Lost;350;37477,83;0,3;Premium Headphones;Accessories;107
Qualification;Mid-Market;Principal;Standard;Partner Program;Finance;Mature;EMEA;Germany;Bavaria;2024-03-05;2024-06-29;Won;125;49156,91;0,3;Installation Service;Services;393
Final Review;Enterprise;Junior;Premium;Conference;Healthcare;Mature;North America;Canada;Quebec;2024-06-03;2024-06-30;Won;76;113469,48;0,9;Data Migration;Services;1487
Qualification;Mid-Market;Senior;Basic;Digital Ads;Education;Emerging;LATAM;Brazil;São Paulo;2024-06-07;2024-06-30;Lost;543;46720,52;0,4;Travel Adapter Kit;Accessories;86
Prospecting;Mid-Market;Senior;Premium;Webinar;Technology;Mature;EMEA;Germany;Berlin;2024-06-09;2024-07-01;Lost;57;31511,74;0,0;Smart Speaker Max;Devices;546
Prospecting;Mid-Market;Principal;Standard;Webinar;Healthcare;Mature;North America;Canada;British Columbia;2024-05-28;2024-07-02;Lost;412;66015,85;0,1;Office Suite Enterprise;Software;160
Final Review;Enterprise;Junior;Premium;Conference;Education;Mature;North America;United States;California;2024-05-13;2024-07-03;Won;256;140182,32;1,0;Smart Speaker Max;Devices;546
Negotiation;Mid-Market;Junior;Basic;Partner Program;Retail;Growth;APAC;India;Delhi;2024-05-01;2024-07-04;Won;1757;50973;0,7;Stylus Pro;Accessories;29
Proposal;Mid-Market;Junior;Standard;Email Campaign;Education;Mature;North America;Canada;Ontario;2024-06-16;2024-07-04;Lost;302;60881,82;0,4;Smart Speaker Mini;Devices;201
Proposal;Mid-Market;Junior;Standard;Webinar;Healthcare;Mature;North America;United States;New York;2024-06-04;2024-07-04;Won;301;60593,92;0,5;Smart Speaker Mini;Devices;201
Prospecting;Mid-Market;Mid-Level;Basic;Partner Program;Manufacturing;Mature;North America;United States;Washington;2024-06-10;2024-07-05;Lost;664;66415,4;0,2;"E-reader Lite 6"" 8 GB";Devices;100
Proposal;SMB;Junior;Basic;Webinar;Government;Mature;EMEA;Spain;Madrid;2024-06-17;2024-07-07;Lost;115;13525,53;0,6;"Protective Case 6""";Accessories;117
Proposal;Mid-Market;Senior;Standard;Webinar;Technology;Mature;North America;United States;New York;2024-06-08;2024-07-07;Won;171;41840,59;0,6;ReadingPlus Annual;Software;244
Prospecting;Mid-Market;Mid-Level;Basic;Digital Ads;Government;Growth;APAC;Japan;Tokyo;2024-05-01;2024-07-08;Lost;721;72156,81;0,0;"E-reader Lite 6"" 8 GB";Devices;100
Final Review;Mid-Market;Mid-Level;Basic;Conference;Manufacturing;Mature;EMEA;France;Auvergne-Rhône-Alpes;2024-05-16;2024-07-09;Won;344;40261,07;1,0;"Protective Case 6""";Accessories;117
Prospecting;Mid-Market;Mid-Level;Premium;Email Campaign;Retail;Emerging;LATAM;Mexico;Mexico City;2024-05-27;2024-07-09;Lost;43;64151,89;0,1;Data Migration;Services;1487
Prospecting;Mid-Market;Junior;Basic;Conference;Government;Mature;North America;Canada;Ontario;2024-05-28;2024-07-09;Lost;348;34803,21;0,0;"E-reader Lite 6"" 8 GB";Devices;100
Final Review;Mid-Market;Senior;Standard;Digital Ads;Technology;Growth;APAC;Japan;Osaka;2024-05-09;2024-07-09;Won;228;36632,43;0,8;Office Suite Enterprise;Software;160
Qualification;Mid-Market;Principal;Basic;Digital Ads;Healthcare;Mature;EMEA;Denmark;Hovedstaden;2024-06-10;2024-07-12;Won;997;28939,28;0,4;Stylus Pro;Accessories;29
Negotiation;Mid-Market;Principal;Premium;Digital Ads;Technology;Mature;North America;Canada;Quebec;2024-04-24;2024-07-12;Won;35;52512,61;0,6;Data Migration;Services;1487
Proposal;Mid-Market;Senior;Standard;Digital Ads;Manufacturing;Mature;North America;United States;New York;2024-05-27;2024-07-13;Won;225;55069,25;0,4;ReadingPlus Annual;Software;244
Negotiation;Mid-Market;Mid-Level;Basic;Partner Program;Manufacturing;Mature;North America;Canada;Quebec;2024-06-22;2024-07-13;Won;526;34728,41;0,7;Wireless Charger Pad;Accessories;66
Proposal;Enterprise;Senior;Standard;Webinar;Retail;Mature;EMEA;Germany;Berlin;2024-06-14;2024-07-14;Won;225;88639,52;0,4;Installation Service;Services;393
Proposal;Mid-Market;Principal;Premium;Digital Ads;Manufacturing;Mature;North America;Canada;Quebec;2024-06-24;2024-07-17;Won;79;67554,07;0,5;Extended Warranty;Services;855
Prospecting;Mid-Market;Junior;Basic;Webinar;Healthcare;Mature;EMEA;Spain;Catalonia;2024-05-22;2024-07-17;Won;524;67718,66;0,0;Parental Control Suite;Software;129
Negotiation;Mid-Market;Junior;Premium;Webinar;Technology;Mature;EMEA;Denmark;Jylland;2024-05-03;2024-07-17;Won;111;60817,73;0,8;Smart Speaker Max;Devices;546
Prospecting;Mid-Market;Mid-Level;Standard;Email Campaign;Education;Mature;EMEA;Spain;Catalonia;2024-07-06;2024-07-18;Lost;224;40568,78;0,1;Office Suite Basic;Software;181
Negotiation;Enterprise;Junior;Standard;Digital Ads;Healthcare;Mature;EMEA;Germany;Berlin;2024-04-22;2024-07-19;Won;390;153570,71;0,6;Installation Service;Services;393
Final Review;Mid-Market;Senior;Basic;Conference;Government;Mature;North America;Canada;Quebec;2024-06-17;2024-07-19;Won;321;37573,32;1,0;Cloud Sync Pro;Software;117
Proposal;Mid-Market;Senior;Basic;Webinar;Healthcare;Mature;EMEA;United Kingdom;England;2024-06-04;2024-07-22;Won;521;67281,41;0,5;Parental Control Suite;Software;129
Negotiation;Mid-Market;Senior;Basic;Partner Program;Manufacturing;Mature;North America;United States;Texas;2024-06-16;2024-07-22;Won;1450;42051,21;0,8;Stylus Pro;Accessories;29
Prospecting;Mid-Market;Junior;Premium;Webinar;Finance;Growth;APAC;Japan;Osaka;2024-06-03;2024-07-23;Lost;94;65778,13;0,1;"Tablet Pro 11"" 128 GB";Devices;694
Negotiation;Enterprise;Senior;Standard;Email Campaign;Manufacturing;Emerging;LATAM;Brazil;São Paulo;2024-07-06;2024-07-24;Won;211;82978,7;0,6;Installation Service;Services;393
Proposal;Mid-Market;Senior;Premium;Email Campaign;Healthcare;Mature;EMEA;United Kingdom;England;2024-04-21;2024-07-24;Won;71;56095,07;0,5;"E-reader Platinum 8"" 32 GB";Devices;780
Prospecting;Mid-Market;Principal;Basic;Partner Program;Technology;Mature;EMEA;Germany;Hesse;2024-07-15;2024-07-25;Won;405;40551,46;0,1;"E-reader Lite 6"" 8 GB";Devices;100
Negotiation;Mid-Market;Principal;Basic;Partner Program;Manufacturing;Emerging;LATAM;Brazil;São Paulo;2024-05-09;2024-07-25;Won;386;25512,74;0,7;Wireless Charger Pad;Accessories;66
Prospecting;Enterprise;Mid-Level;Premium;Webinar;Retail;Emerging;LATAM;Mexico;Jalisco;2024-05-17;2024-07-25;Lost;125;107558,94;0,0;Extended Warranty;Services;855
Prospecting;Mid-Market;Mid-Level;Premium;Email Campaign;Manufacturing;Mature;North America;United States;New York;2024-06-02;2024-07-27;Won;126;69295,07;0,0;Smart Speaker Max;Devices;546
Prospecting;Mid-Market;Senior;Standard;Conference;Government;Growth;APAC;India;Delhi;2024-07-17;2024-07-28;Won;91;35950,32;0,1;Installation Service;Services;393
Proposal;Enterprise;Mid-Level;Premium;Conference;Retail;Emerging;LATAM;Mexico;Mexico City;2024-06-23;2024-07-29;Won;140;97675,01;0,4;"Tablet Pro 11"" 128 GB";Devices;694
Qualification;Mid-Market;Mid-Level;Premium;Email Campaign;Government;Growth;APAC;India;Karnataka;2024-05-30;2024-07-29;Won;50;35055,42;0,3;"Tablet Pro 11"" 128 GB";Devices;694
Proposal;Mid-Market;Junior;Basic;Email Campaign;Finance;Mature;North America;United States;Texas;2024-06-22;2024-07-30;Lost;705;60639,71;0,6;Travel Adapter Kit;Accessories;86
Prospecting;Mid-Market;Senior;Basic;Partner Program;Education;Mature;EMEA;Denmark;Hovedstaden;2024-06-21;2024-07-30;Lost;924;26808,88;0,2;Stylus Pro;Accessories;29
Negotiation;Mid-Market;Mid-Level;Basic;Digital Ads;Technology;Mature;North America;Canada;Quebec;2024-06-21;2024-07-30;Won;274;35456,06;0,7;Parental Control Suite;Software;129
Prospecting;Mid-Market;Principal;Premium;Partner Program;Healthcare;Growth;APAC;India;Karnataka;2024-06-09;2024-08-04;Won;40;28424,52;0,1;"Tablet Pro 11"" 128 GB";Devices;694
Negotiation;Mid-Market;Senior;Premium;Partner Program;Manufacturing;Mature;North America;United States;California;2024-07-14;2024-08-07;Lost;61;42898,59;0,7;"Tablet Pro 11"" 128 GB";Devices;694
Qualification;Mid-Market;Senior;Premium;Webinar;Education;Mature;North America;Canada;Ontario;2024-07-06;2024-08-07;Lost;53;79830,5;0,3;Data Migration;Services;1487
Negotiation;Mid-Market;Junior;Premium;Digital Ads;Government;Mature;North America;United States;Washington;2024-05-02;2024-08-08;Lost;54;37698,01;0,7;"Tablet Pro 11"" 128 GB";Devices;694
Proposal;Mid-Market;Senior;Basic;Email Campaign;Finance;Mature;EMEA;Spain;Madrid;2024-07-30;2024-08-08;Lost;1119;73912,17;0,4;Wireless Charger Pad;Accessories;66
Proposal;Mid-Market;Principal;Basic;Email Campaign;Finance;Mature;EMEA;Germany;Hesse;2024-07-05;2024-08-09;Won;731;73185,48;0,5;"E-reader Lite 6"" 8 GB";Devices;100
Negotiation;Mid-Market;Mid-Level;Basic;Email Campaign;Education;Mature;EMEA;Spain;Madrid;2024-07-06;2024-08-11;Won;518;34235,7;0,7;Wireless Charger Pad;Accessories;66
Prospecting;Mid-Market;Mid-Level;Basic;Email Campaign;Healthcare;Mature;EMEA;Germany;Bavaria;2024-07-02;2024-08-12;Won;437;56471,29;0,0;Parental Control Suite;Software;129
Negotiation;Mid-Market;Principal;Basic;Conference;Retail;Mature;North America;United States;New York;2024-04-10;2024-08-12;Won;664;43842,22;0,6;Wireless Charger Pad;Accessories;66
Proposal;Mid-Market;Senior;Basic;Partner Program;Technology;Mature;North America;United States;Texas;2024-05-28;2024-08-12;Lost;371;43517,34;0,6;Cloud Sync Pro;Software;117
Proposal;Mid-Market;Mid-Level;Premium;Email Campaign;Healthcare;Mature;EMEA;Germany;Bavaria;2024-06-25;2024-08-12;Won;99;54196,03;0,5;Smart Speaker Max;Devices;546
Prospecting;Mid-Market;Mid-Level;Basic;Webinar;Healthcare;Growth;APAC;Japan;Tokyo;2024-07-05;2024-08-13;Lost;2370;68731,63;0,0;Stylus Pro;Accessories;29
Prospecting;Enterprise;Senior;Basic;Digital Ads;Finance;Mature;EMEA;United Kingdom;England;2024-07-15;2024-08-13;Lost;840;84045,55;0,0;"E-reader Lite 6"" 8 GB";Devices;100
Negotiation;Mid-Market;Senior;Premium;Webinar;Finance;Mature;North America;Canada;British Columbia;2024-06-29;2024-08-13;Won;116;63569,23;0,7;Smart Speaker Max;Devices;546
Qualification;Mid-Market;Senior;Basic;Conference;Manufacturing;Emerging;LATAM;Brazil;Rio de Janeiro;2024-07-26;2024-08-14;Lost;412;35507;0,3;Travel Adapter Kit;Accessories;86
Negotiation;Mid-Market;Senior;Basic;Conference;Finance;Mature;EMEA;Spain;Madrid;2024-06-05;2024-08-16;Won;553;71389,98;0,7;Parental Control Suite;Software;129
Negotiation;Mid-Market;Senior;Premium;Digital Ads;Manufacturing;Mature;EMEA;Denmark;Hovedstaden;2024-07-11;2024-08-16;Won;50;70217,69;0,7;Onsite Training;Services;1382
Qualification;Mid-Market;Mid-Level;Premium;Conference;Technology;Emerging;LATAM;Mexico;Jalisco;2024-06-30;2024-08-16;Lost;95;78398,46;0,3;Premium Support;Services;819
Proposal;Enterprise;Junior;Premium;Digital Ads;Retail;Growth;APAC;India;Maharashtra;2024-07-18;2024-08-16;Won;133;113945,72;0,5;Extended Warranty;Services;855
Final Review;Mid-Market;Junior;Basic;Email Campaign;Finance;Mature;North America;Canada;Quebec;2024-07-01;2024-08-16;Lost;1689;48993,16;0,9;Stylus Pro;Accessories;29
Proposal;Mid-Market;Mid-Level;Basic;Webinar;Government;Mature;EMEA;Spain;Madrid;2024-07-22;2024-08-17;Won;409;27055,7;0,6;Wireless Charger Pad;Accessories;66
Proposal;Enterprise;Junior;Premium;Digital Ads;Healthcare;Mature;North America;United States;California;2024-07-25;2024-08-17;Lost;66;98643,38;0,6;Data Migration;Services;1487
Prospecting;Mid-Market;Mid-Level;Basic;Partner Program;Manufacturing;Mature;EMEA;Spain;Catalonia;2024-07-20;2024-08-18;Lost;615;65840,9;0,2;Premium Headphones;Accessories;107
Negotiation;Mid-Market;Principal;Standard;Email Campaign;Retail;Mature;EMEA;Denmark;Jylland;2024-07-27;2024-08-18;Lost;370;66983,7;0,7;Office Suite Basic;Software;181
Negotiation;Mid-Market;Junior;Basic;Email Campaign;Manufacturing;Mature;North America;Canada;Ontario;2024-06-05;2024-08-18;Won;1005;29172,9;0,7;Stylus Pro;Accessories;29
Qualification;Enterprise;Mid-Level;Standard;Email Campaign;Manufacturing;Growth;APAC;Australia;New South Wales;2024-07-23;2024-08-18;Lost;404;98619,78;0,3;ReadingPlus Annual;Software;244
Final Review;Mid-Market;Senior;Premium;Partner Program;Manufacturing;Mature;EMEA;Germany;Hesse;2024-06-11;2024-08-19;Won;78;67145,5;0,8;Extended Warranty;Services;855
Qualification;Enterprise;Mid-Level;Premium;Digital Ads;Finance;Mature;North America;Canada;Quebec;2024-07-21;2024-08-19;Lost;114;97753,15;0,3;Extended Warranty;Services;855
Proposal;Mid-Market;Junior;Basic;Webinar;Manufacturing;Mature;EMEA;Spain;Catalonia;2024-08-09;2024-08-19;Lost;368;24328,54;0,5;Wireless Charger Pad;Accessories;66
Negotiation;Mid-Market;Principal;Premium;Email Campaign;Education;Growth;APAC;Japan;Osaka;2024-06-01;2024-08-20;Lost;93;76577,78;0,7;Premium Support;Services;819
Prospecting;Enterprise;Principal;Premium;Partner Program;Manufacturing;Mature;North America;Canada;British Columbia;2024-06-29;2024-08-20;Lost;76;105955,98;0,1;Onsite Training;Services;1382
Negotiation;Mid-Market;Senior;Basic;Email Campaign;Healthcare;Mature;North America;Canada;Ontario;2024-07-19;2024-08-22;Won;764;50454,85;0,6;Wireless Charger Pad;Accessories;66
Qualification;Enterprise;Principal;Premium;Conference;Healthcare;Growth;APAC;India;Maharashtra;2024-07-25;2024-08-23;Lost;165;128774,82;0,3;"E-reader Platinum 8"" 32 GB";Devices;780
Negotiation;Mid-Market;Junior;Basic;Partner Program;Healthcare;Mature;North America;Canada;British Columbia;2024-06-02;2024-08-23;Won;1488;43176,97;0,8;Stylus Pro;Accessories;29
Prospecting;Enterprise;Junior;Basic;Partner Program;Retail;Growth;APAC;Japan;Tokyo;2024-07-27;2024-08-23;Lost;814;95323,81;0,1;Cloud Sync Pro;Software;117
Prospecting;Mid-Market;Mid-Level;Premium;Digital Ads;Manufacturing;Emerging;LATAM;Brazil;São Paulo;2024-04-22;2024-08-25;Lost;85;46462,04;0,0;Smart Speaker Max;Devices;546
Prospecting;Mid-Market;Mid-Level;Premium;Digital Ads;Healthcare;Emerging;LATAM;Mexico;Jalisco;2024-07-24;2024-08-26;Lost;42;36435,45;0,1;Extended Warranty;Services;855
Proposal;Mid-Market;Principal;Premium;Partner Program;Healthcare;Growth;APAC;India;Delhi;2024-07-25;2024-08-26;Lost;120;65681,51;0,5;Smart Speaker Max;Devices;546
Proposal;Enterprise;Senior;Premium;Digital Ads;Retail;Mature;North America;United States;Washington;2024-07-12;2024-08-27;Won;137;117913,6;0,5;Extended Warranty;Services;855
Prospecting;Mid-Market;Mid-Level;Basic;Digital Ads;Healthcare;Mature;EMEA;Spain;Catalonia;2024-06-18;2024-08-27;Won;619;79924,12;0,1;Parental Control Suite;Software;129
Prospecting;Enterprise;Junior;Premium;Conference;Education;Mature;North America;Canada;Ontario;2024-05-11;2024-08-28;Won;163;133709,04;0,2;Premium Support;Services;819
Prospecting;Mid-Market;Senior;Premium;Conference;Finance;Mature;EMEA;Spain;Madrid;2024-07-06;2024-08-31;Won;90;62744,05;0,1;"Tablet Pro 11"" 128 GB";Devices;694
Proposal;Enterprise;Senior;Premium;Webinar;Manufacturing;Mature;EMEA;Denmark;Jylland;2024-05-20;2024-08-31;Won;74;103623,49;0,5;Onsite Training;Services;1382
Prospecting;Mid-Market;Mid-Level;Premium;Conference;Education;Emerging;LATAM;Mexico;Jalisco;2024-06-24;2024-09-05;Lost;126;68830,16;0,2;Smart Speaker Max;Devices;546
Prospecting;Enterprise;Principal;Standard;Email Campaign;Retail;Mature;North America;United States;Texas;2024-07-12;2024-09-06;Lost;529;84663,8;0,2;Office Suite Enterprise;Software;160
Proposal;Mid-Market;Senior;Standard;Email Campaign;Government;Mature;North America;Canada;Quebec;2024-05-24;2024-09-06;Won;170;41606,42;0,5;ReadingPlus Annual;Software;244
Qualification;Mid-Market;Junior;Premium;Digital Ads;Healthcare;Growth;APAC;Japan;Tokyo;2024-08-27;2024-09-07;Lost;100;69609,67;0,4;"Tablet Pro 11"" 128 GB";Devices;694
Proposal;Mid-Market;Mid-Level;Premium;Webinar;Manufacturing;Growth;APAC;Australia;New South Wales;2024-08-13;2024-09-08;Lost;44;36234,6;0,4;Premium Support;Services;819
Prospecting;Mid-Market;Junior;Basic;Conference;Healthcare;Emerging;LATAM;Mexico;Jalisco;2024-06-30;2024-09-10;Lost;572;49203,4;0,0;Travel Adapter Kit;Accessories;86
Prospecting;Enterprise;Senior;Standard;Webinar;Finance;Mature;EMEA;Spain;Catalonia;2024-08-24;2024-09-10;Lost;953;172493,94;0,0;Office Suite Basic;Software;181
Negotiation;Mid-Market;Junior;Basic;Email Campaign;Finance;Mature;North America;Canada;Quebec;2024-08-27;2024-09-11;Lost;484;51856,46;0,8;Premium Headphones;Accessories;107
Negotiation;Mid-Market;Junior;Standard;Webinar;Healthcare;Mature;North America;Canada;Quebec;2024-06-14;2024-09-11;Lost;329;59600,06;0,7;Office Suite Basic;Software;181
Negotiation;Mid-Market;Senior;Standard;Conference;Manufacturing;Growth;APAC;India;Karnataka;2024-07-09;2024-09-13;Won;417;66874,67;0,7;Office Suite Enterprise;Software;160
Prospecting;Mid-Market;Principal;Premium;Partner Program;Education;Mature;North America;United States;New York;2024-07-23;2024-09-14;Lost;84;65998,68;0,0;"E-reader Platinum 8"" 32 GB";Devices;780
Negotiation;Mid-Market;Principal;Basic;Digital Ads;Manufacturing;Mature;North America;Canada;Ontario;2024-08-28;2024-09-15;Lost;390;25800,42;0,7;Wireless Charger Pad;Accessories;66
Prospecting;Mid-Market;Principal;Premium;Digital Ads;Manufacturing;Mature;EMEA;Denmark;Jylland;2024-07-07;2024-09-16;Lost;91;63329,62;0,2;"Tablet Pro 11"" 128 GB";Devices;694
Prospecting;Mid-Market;Principal;Basic;Partner Program;Technology;Growth;APAC;India;Karnataka;2024-09-01;2024-09-18;Lost;460;39560,34;0,1;Travel Adapter Kit;Accessories;86
Proposal;Enterprise;Senior;Standard;Digital Ads;Healthcare;Mature;North America;United States;New York;2024-08-30;2024-09-19;Lost;410;82453,01;0,5;Smart Speaker Mini;Devices;201
Proposal;Mid-Market;Senior;Basic;Webinar;Retail;Mature;EMEA;Spain;Catalonia;2024-07-30;2024-09-19;Lost;564;48573,22;0,5;Travel Adapter Kit;Accessories;86
Proposal;Enterprise;Mid-Level;Standard;Conference;Education;Growth;APAC;Japan;Osaka;2024-08-16;2024-09-20;Lost;400;97790,01;0,6;ReadingPlus Annual;Software;244
Negotiation;Enterprise;Senior;Basic;Digital Ads;Technology;Mature;EMEA;Spain;Catalonia;2024-08-05;2024-09-21;Won;1064;106494,55;0,8;"E-reader Lite 6"" 8 GB";Devices;100
Negotiation;Mid-Market;Mid-Level;Premium;Partner Program;Manufacturing;Mature;North America;Canada;Quebec;2024-09-03;2024-09-21;Won;54;75591,78;0,6;Onsite Training;Services;1382
Prospecting;Enterprise;Mid-Level;Premium;Partner Program;Healthcare;Mature;North America;United States;Texas;2024-07-21;2024-09-22;Lost;141;98492,71;0,0;"Tablet Pro 11"" 128 GB";Devices;694
Final Review;Mid-Market;Senior;Standard;Email Campaign;Finance;Growth;APAC;Japan;Osaka;2024-06-30;2024-09-23;Won;368;58956,18;0,8;Office Suite Enterprise;Software;160
Negotiation;Mid-Market;Junior;Standard;Digital Ads;Manufacturing;Mature;North America;United States;New York;2024-08-18;2024-09-23;Won;340;68375,72;0,7;Smart Speaker Mini;Devices;201
Proposal;Mid-Market;Mid-Level;Standard;Partner Program;Finance;Emerging;LATAM;Mexico;Mexico City;2024-08-29;2024-09-24;Won;363;58237,37;0,5;Office Suite Enterprise;Software;160
Prospecting;Mid-Market;Senior;Premium;Conference;Technology;Emerging;LATAM;Brazil;Rio de Janeiro;2024-08-28;2024-09-25;Won;79;65483,84;0,1;Premium Support;Services;819
Negotiation;Mid-Market;Junior;Premium;Partner Program;Manufacturing;Growth;APAC;Australia;Victoria;2024-07-04;2024-09-26;Won;41;57986,86;0,6;Onsite Training;Services;1382
Final Review;Enterprise;Senior;Standard;Webinar;Finance;Mature;North America;United States;Texas;2024-08-20;2024-09-27;Won;479;117112,47;0,8;ReadingPlus Annual;Software;244
Negotiation;Mid-Market;Senior;Basic;Digital Ads;Manufacturing;Mature;EMEA;Germany;Bavaria;2024-07-18;2024-09-27;Lost;647;42759,84;0,6;Wireless Charger Pad;Accessories;66
Proposal;Enterprise;Principal;Basic;Webinar;Manufacturing;Mature;North America;Canada;British Columbia;2024-09-01;2024-09-30;Won;1739;173931,76;0,6;"E-reader Lite 6"" 8 GB";Devices;100
Final Review;Mid-Market;Principal;Standard;Email Campaign;Healthcare;Mature;North America;United States;New York;2024-07-29;2024-10-02;Won;255;62225,22;0,9;ReadingPlus Annual;Software;244
Negotiation;Mid-Market;Junior;Basic;Webinar;Finance;Growth;APAC;India;Karnataka;2024-08-22;2024-10-02;Won;398;46624,74;0,6;"Protective Case 6""";Accessories;117
Proposal;Enterprise;Mid-Level;Premium;Conference;Manufacturing;Growth;APAC;Japan;Tokyo;2024-09-11;2024-10-02;Won;135;94100,97;0,6;"Tablet Pro 11"" 128 GB";Devices;694
Qualification;Mid-Market;Principal;Basic;Conference;Healthcare;Mature;North America;United States;Washington;2024-09-07;2024-10-03;Lost;413;53288,93;0,2;Parental Control Suite;Software;129
Final Review;Enterprise;Senior;Premium;Partner Program;Finance;Mature;North America;Canada;British Columbia;2024-09-03;2024-10-04;Won;223;121999,03;1,0;Smart Speaker Max;Devices;546
Prospecting;Mid-Market;Senior;Basic;Digital Ads;Finance;Mature;EMEA;United Kingdom;England;2024-08-07;2024-10-04;Lost;1558;45189,6;0,0;Stylus Pro;Accessories;29
Negotiation;Mid-Market;Senior;Basic;Email Campaign;Finance;Mature;North America;Canada;Quebec;2024-08-16;2024-10-07;Won;348;40806,13;0,6;"Protective Case 6""";Accessories;117
Proposal;Enterprise;Senior;Premium;Partner Program;Healthcare;Mature;EMEA;United Kingdom;England;2024-09-05;2024-10-07;Lost;143;122850,84;0,4;Extended Warranty;Services;855
Negotiation;Enterprise;Mid-Level;Premium;Email Campaign;Healthcare;Mature;EMEA;Denmark;Hovedstaden;2024-07-03;2024-10-08;Lost;100;85845,01;0,6;Extended Warranty;Services;855
Proposal;Mid-Market;Senior;Premium;Webinar;Education;Mature;North America;Canada;British Columbia;2024-09-04;2024-10-08;Lost;33;46820,03;0,5;Onsite Training;Services;1382
Qualification;Enterprise;Principal;Premium;Email Campaign;Technology;Mature;North America;United States;Washington;2024-09-09;2024-10-08;Lost;60;89802,46;0,4;Data Migration;Services;1487
Proposal;Mid-Market;Senior;Premium;Webinar;Technology;Growth;APAC;India;Karnataka;2024-09-02;2024-10-09;Lost;39;32700,93;0,4;Premium Support;Services;819
Proposal;Enterprise;Mid-Level;Premium;Partner Program;Manufacturing;Mature;EMEA;Germany;Hesse;2024-09-08;2024-10-12;Lost;85;126685,92;0,4;Data Migration;Services;1487
Proposal;Mid-Market;Principal;Basic;Conference;Finance;Mature;North America;Canada;British Columbia;2024-09-20;2024-10-15;Won;823;70792,49;0,4;Travel Adapter Kit;Accessories;86
Proposal;Enterprise;Senior;Premium;Digital Ads;Healthcare;Mature;EMEA;France;Auvergne-Rhône-Alpes;2024-10-05;2024-10-16;Won;59;88066,35;0,5;Data Migration;Services;1487
Qualification;Mid-Market;Junior;Basic;Conference;Education;Emerging;LATAM;Brazil;São Paulo;2024-08-15;2024-10-16;Lost;452;52930,3;0,3;"Protective Case 6""";Accessories;117
Prospecting;Mid-Market;Principal;Basic;Digital Ads;Manufacturing;Emerging;LATAM;Brazil;Rio de Janeiro;2024-09-14;2024-10-18;Lost;471;60875,7;0,2;Parental Control Suite;Software;129
Proposal;Enterprise;Mid-Level;Premium;Digital Ads;Finance;Mature;North America;Canada;British Columbia;2024-08-30;2024-10-21;Lost;244;133479,44;0,6;Smart Speaker Max;Devices;546
Prospecting;Mid-Market;Principal;Standard;Partner Program;Technology;Mature;North America;Canada;British Columbia;2024-09-04;2024-10-23;Lost;185;33497,15;0,2;Office Suite Basic;Software;181
Proposal;Mid-Market;Senior;Premium;Webinar;Technology;Growth;APAC;India;Maharashtra;2024-09-05;2024-10-23;Won;59;49092,72;0,4;Premium Support;Services;819
Proposal;Enterprise;Mid-Level;Premium;Digital Ads;Healthcare;Mature;North America;Canada;Ontario;2024-10-08;2024-10-23;Lost;123;183380,59;0,5;Data Migration;Services;1487
Prospecting;Mid-Market;Senior;Standard;Digital Ads;Healthcare;Mature;North America;United States;Washington;2024-07-26;2024-10-23;Lost;171;67471,81;0,1;Installation Service;Services;393
Proposal;Mid-Market;Principal;Standard;Email Campaign;Healthcare;Growth;APAC;India;Karnataka;2024-10-03;2024-10-26;Won;173;68115,19;0,6;Installation Service;Services;393
Qualification;Mid-Market;Junior;Standard;Email Campaign;Government;Mature;North America;Canada;Quebec;2024-09-19;2024-10-26;Won;120;47335,93;0,3;Installation Service;Services;393
Negotiation;Enterprise;Senior;Standard;Digital Ads;Retail;Growth;APAC;Australia;New South Wales;2024-09-06;2024-10-27;Won;210;82880,15;0,6;Installation Service;Services;393
Proposal;Mid-Market;Mid-Level;Basic;Partner Program;Government;Mature;North America;United States;California;2024-07-26;2024-10-28;Won;952;27632,68;0,5;Stylus Pro;Accessories;29
Negotiation;Mid-Market;Senior;Standard;Digital Ads;Finance;Mature;North America;United States;Washington;2024-08-01;2024-10-29;Won;370;59274;0,6;Office Suite Enterprise;Software;160
Prospecting;Enterprise;Principal;Standard;Partner Program;Retail;Growth;APAC;Japan;Tokyo;2024-09-09;2024-10-29;Lost;669;121250,58;0,0;Office Suite Basic;Software;181
Final Review;SMB;Senior;Basic;Partner Program;Government;Growth;APAC;Australia;New South Wales;2024-10-06;2024-10-30;Won;131;14112,44;0,9;Premium Headphones;Accessories;107
Proposal;Mid-Market;Senior;Standard;Partner Program;Finance;Mature;North America;United States;California;2024-09-12;2024-10-30;Lost;295;53535,76;0,4;Office Suite Basic;Software;181
Qualification;Mid-Market;Mid-Level;Standard;Digital Ads;Finance;Mature;North America;Canada;Quebec;2024-10-11;2024-10-30;Won;322;58412,19;0,3;Office Suite Basic;Software;181
Negotiation;Mid-Market;Mid-Level;Basic;Digital Ads;Finance;Growth;APAC;Japan;Osaka;2024-10-07;2024-10-30;Lost;638;74671,47;0,6;"Protective Case 6""";Accessories;117
Qualification;Mid-Market;Senior;Premium;Webinar;Manufacturing;Mature;EMEA;Germany;Berlin;2024-07-28;2024-10-31;Lost;38;57202,51;0,3;Data Migration;Services;1487
Final Review;Mid-Market;Mid-Level;Standard;Digital Ads;Manufacturing;Mature;North America;Canada;British Columbia;2024-08-30;2024-10-31;Won;377;60478,61;0,8;Office Suite Enterprise;Software;160
Prospecting;Mid-Market;Mid-Level;Premium;Email Campaign;Technology;Mature;EMEA;United Kingdom;Scotland;2024-09-13;2024-11-02;Lost;30;25388,11;0,0;Premium Support;Services;819
Proposal;Mid-Market;Senior;Premium;Partner Program;Education;Mature;EMEA;Denmark;Hovedstaden;2024-08-28;2024-11-03;Won;58;50071,2;0,5;Extended Warranty;Services;855
Negotiation;Mid-Market;Principal;Standard;Webinar;Manufacturing;Mature;EMEA;Denmark;Jylland;2024-08-25;2024-11-04;Won;280;56401,21;0,6;Smart Speaker Mini;Devices;201
Negotiation;Enterprise;Principal;Basic;Partner Program;Finance;Emerging;LATAM;Brazil;Rio de Janeiro;2024-09-21;2024-11-04;Lost;3055;88608,72;0,7;Stylus Pro;Accessories;29
Prospecting;Mid-Market;Junior;Premium;Email Campaign;Government;Mature;EMEA;Germany;Bavaria;2024-10-08;2024-11-05;Lost;36;53637,24;0,0;Data Migration;Services;1487
Final Review;Enterprise;Senior;Standard;Conference;Retail;Mature;North America;Canada;British Columbia;2024-10-01;2024-11-07;Won;1173;235947,08;0,9;Smart Speaker Mini;Devices;201
Prospecting;Mid-Market;Principal;Premium;Webinar;Manufacturing;Growth;APAC;India;Karnataka;2024-10-28;2024-11-07;Lost;83;64913,06;0,0;"E-reader Platinum 8"" 32 GB";Devices;780
Proposal;Mid-Market;Junior;Standard;Webinar;Manufacturing;Growth;APAC;India;Delhi;2024-10-07;2024-11-08;Lost;347;69837,71;0,4;Smart Speaker Mini;Devices;201
Negotiation;Mid-Market;Principal;Standard;Email Campaign;Manufacturing;Mature;EMEA;France;Île-de-France;2024-09-29;2024-11-08;Won;213;38689,87;0,8;Office Suite Basic;Software;181
Qualification;Enterprise;Junior;Basic;Partner Program;Healthcare;Mature;North America;United States;Washington;2024-10-18;2024-11-09;Lost;831;83135,08;0,3;"E-reader Lite 6"" 8 GB";Devices;100
Negotiation;Mid-Market;Senior;Standard;Digital Ads;Finance;Mature;EMEA;Germany;Hesse;2024-10-28;2024-11-11;Won;379;60728,75;0,6;Office Suite Enterprise;Software;160
Prospecting;Enterprise;Senior;Standard;Conference;Finance;Mature;EMEA;Denmark;Jylland;2024-10-05;2024-11-11;Lost;402;80862,33;0,2;Smart Speaker Mini;Devices;201
Final Review;Mid-Market;Senior;Premium;Conference;Healthcare;Emerging;LATAM;Brazil;São Paulo;2024-10-18;2024-11-11;Won;60;51873,13;0,8;Extended Warranty;Services;855
Prospecting;Mid-Market;Junior;Basic;Digital Ads;Finance;Mature;North America;Canada;Ontario;2024-10-19;2024-11-12;Lost;1755;50915,37;0,0;Stylus Pro;Accessories;29
Qualification;Mid-Market;Senior;Premium;Conference;Technology;Growth;APAC;India;Delhi;2024-10-27;2024-11-12;Lost;63;44047,09;0,3;"Tablet Pro 11"" 128 GB";Devices;694
Qualification;SMB;Principal;Standard;Conference;Manufacturing;Mature;EMEA;United Kingdom;Scotland;2024-08-16;2024-11-13;Won;78;19155,71;0,3;ReadingPlus Annual;Software;244
Proposal;Mid-Market;Junior;Standard;Partner Program;Finance;Growth;APAC;Australia;Victoria;2024-09-17;2024-11-14;Won;174;42659,88;0,5;ReadingPlus Annual;Software;244
Proposal;Mid-Market;Principal;Basic;Webinar;Healthcare;Emerging;LATAM;Brazil;Rio de Janeiro;2024-09-10;2024-11-15;Lost;605;70813,25;0,6;"Protective Case 6""";Accessories;117
Negotiation;Mid-Market;Senior;Basic;Webinar;Healthcare;Emerging;LATAM;Mexico;Mexico City;2024-10-24;2024-11-15;Won;588;38854,75;0,7;Wireless Charger Pad;Accessories;66
Negotiation;Enterprise;Principal;Standard;Conference;Education;Mature;North America;United States;New York;2024-09-03;2024-11-16;Won;206;81025,55;0,7;Installation Service;Services;393
Negotiation;Mid-Market;Senior;Standard;Digital Ads;Finance;Mature;EMEA;Spain;Madrid;2024-10-20;2024-11-16;Won;226;55231,81;0,7;ReadingPlus Annual;Software;244
Qualification;Mid-Market;Mid-Level;Basic;Conference;Technology;Mature;EMEA;Denmark;Jylland;2024-10-20;2024-11-17;Lost;335;22118,75;0,4;Wireless Charger Pad;Accessories;66
Prospecting;Enterprise;Senior;Standard;Digital Ads;Healthcare;Emerging;LATAM;Mexico;Mexico City;2024-10-15;2024-11-17;Lost;262;103225,51;0,1;Installation Service;Services;393
Negotiation;Mid-Market;Junior;Basic;Email Campaign;Education;Mature;North America;Canada;Ontario;2024-10-15;2024-11-18;Won;590;76234,31;0,6;Parental Control Suite;Software;129
Qualification;Enterprise;Senior;Premium;Email Campaign;Finance;Mature;EMEA;Germany;Bavaria;2024-09-09;2024-11-19;Won;83;115162,69;0,4;Onsite Training;Services;1382
Proposal;Mid-Market;Senior;Basic;Email Campaign;Education;Emerging;LATAM;Mexico;Mexico City;2024-08-15;2024-11-20;Lost;533;45909,1;0,5;Travel Adapter Kit;Accessories;86
Negotiation;Enterprise;Mid-Level;Premium;Digital Ads;Retail;Mature;North America;United States;New York;2024-09-30;2024-11-20;Won;118;101029,64;0,8;Extended Warranty;Services;855
Qualification;SMB;Principal;Basic;Webinar;Manufacturing;Mature;North America;Canada;Quebec;2024-08-13;2024-11-21;Won;165;19415,83;0,3;"Protective Case 6""";Accessories;117
Negotiation;Mid-Market;Principal;Premium;Digital Ads;Healthcare;Mature;EMEA;Denmark;Jylland;2024-11-05;2024-11-21;Lost;38;33213,85;0,7;Extended Warranty;Services;855
Proposal;Mid-Market;Principal;Basic;Email Campaign;Retail;Mature;North America;Canada;British Columbia;2024-11-01;2024-11-21;Lost;807;53312,9;0,6;Wireless Charger Pad;Accessories;66
Proposal;Mid-Market;Senior;Basic;Conference;Technology;Mature;North America;United States;Washington;2024-11-07;2024-11-22;Won;317;20983,23;0,5;Wireless Charger Pad;Accessories;66
Prospecting;Mid-Market;Principal;Basic;Email Campaign;Healthcare;Growth;APAC;India;Karnataka;2024-10-13;2024-11-22;Won;572;67020,78;0,2;"Protective Case 6""";Accessories;117
Qualification;Enterprise;Principal;Basic;Digital Ads;Finance;Mature;North America;Canada;Ontario;2024-07-16;2024-11-23;Lost;966;96655,51;0,3;"E-reader Lite 6"" 8 GB";Devices;100
Negotiation;Enterprise;Mid-Level;Standard;Webinar;Healthcare;Mature;EMEA;Spain;Catalonia;2024-08-27;2024-11-23;Won;423;85163,31;0,7;Smart Speaker Mini;Devices;201
Prospecting;Enterprise;Junior;Premium;Email Campaign;Healthcare;Emerging;LATAM;Brazil;São Paulo;2024-10-30;2024-11-24;Lost;91;136650,2;0,1;Data Migration;Services;1487
Prospecting;Mid-Market;Senior;Basic;Webinar;Manufacturing;Growth;APAC;India;Maharashtra;2024-10-27;2024-11-24;Lost;614;61425,28;0,0;"E-reader Lite 6"" 8 GB";Devices;100
Prospecting;Enterprise;Senior;Basic;Partner Program;Healthcare;Mature;North America;Canada;Ontario;2024-10-04;2024-11-24;Lost;754;88322,1;0,1;Cloud Sync Pro;Software;117
Final Review;Mid-Market;Mid-Level;Premium;Partner Program;Finance;Mature;EMEA;France;Île-de-France;2024-09-10;2024-11-28;Won;60;49509,81;0,8;Premium Support;Services;819
Prospecting;Mid-Market;Senior;Basic;Digital Ads;Manufacturing;Mature;EMEA;Denmark;Jylland;2024-10-03;2024-11-29;Lost;529;34955,38;0,2;Wireless Charger Pad;Accessories;66
Proposal;Enterprise;Senior;Premium;Email Campaign;Retail;Mature;EMEA;United Kingdom;England;2024-10-23;2024-11-30;Won;75;103873,59;0,5;Onsite Training;Services;1382
Prospecting;Mid-Market;Junior;Standard;Partner Program;Manufacturing;Mature;EMEA;Germany;Bavaria;2024-10-26;2024-12-01;Lost;400;64129,8;0,0;Office Suite Enterprise;Software;160
Negotiation;Mid-Market;Mid-Level;Standard;Partner Program;Government;Growth;APAC;Japan;Osaka;2024-09-19;2024-12-01;Won;160;25704,99;0,7;Office Suite Enterprise;Software;160
Proposal;Mid-Market;Principal;Standard;Digital Ads;Healthcare;Emerging;LATAM;Brazil;São Paulo;2024-09-26;2024-12-01;Lost;308;75356,08;0,5;ReadingPlus Annual;Software;244
Proposal;Mid-Market;Junior;Basic;Conference;Government;Mature;North America;Canada;British Columbia;2024-10-21;2024-12-01;Won;357;35721,63;0,5;"E-reader Lite 6"" 8 GB";Devices;100
Negotiation;Mid-Market;Senior;Basic;Partner Program;Manufacturing;Mature;North America;Canada;Ontario;2024-08-31;2024-12-02;Lost;2071;60077,74;0,7;Stylus Pro;Accessories;29
Negotiation;Enterprise;Mid-Level;Standard;Digital Ads;Technology;Mature;EMEA;Spain;Catalonia;2024-11-18;2024-12-02;Lost;549;110454,4;0,6;Smart Speaker Mini;Devices;201
Prospecting;Mid-Market;Senior;Premium;Email Campaign;Technology;Mature;EMEA;Spain;Madrid;2024-10-24;2024-12-03;Lost;123;67637,56;0,1;Smart Speaker Max;Devices;546
Proposal;Enterprise;Mid-Level;Premium;Partner Program;Retail;Mature;North America;Canada;Ontario;2024-11-21;2024-12-03;Lost;96;82447,07;0,6;Extended Warranty;Services;855
Qualification;Mid-Market;Junior;Basic;Digital Ads;Technology;Emerging;LATAM;Brazil;São Paulo;2024-11-01;2024-12-04;Lost;176;20676,2;0,3;"Protective Case 6""";Accessories;117
Prospecting;Mid-Market;Mid-Level;Basic;Email Campaign;Healthcare;Growth;APAC;India;Delhi;2024-09-24;2024-12-05;Lost;610;78789,73;0,2;Parental Control Suite;Software;129
Proposal;Enterprise;Principal;Basic;Webinar;Finance;Growth;APAC;India;Delhi;2024-08-21;2024-12-06;Won;1038;133970,99;0,5;Parental Control Suite;Software;129
Prospecting;Mid-Market;Junior;Premium;Email Campaign;Government;Growth;APAC;Japan;Tokyo;2024-10-18;2024-12-06;Lost;27;37376,39;0,1;Onsite Training;Services;1382
Negotiation;Mid-Market;Principal;Basic;Partner Program;Healthcare;Mature;EMEA;United Kingdom;England;2024-10-19;2024-12-07;Won;554;47703,13;0,7;Travel Adapter Kit;Accessories;86
Proposal;Mid-Market;Principal;Standard;Digital Ads;Finance;Mature;EMEA;Germany;Bavaria;2024-10-30;2024-12-10;Won;239;43355,25;0,5;Office Suite Basic;Software;181
Prospecting;Mid-Market;Mid-Level;Basic;Partner Program;Technology;Growth;APAC;India;Maharashtra;2024-11-11;2024-12-10;Lost;257;27585,91;0,1;Premium Headphones;Accessories;107
Final Review;Enterprise;Principal;Standard;Webinar;Healthcare;Mature;North America;United States;New York;2024-11-17;2024-12-10;Lost;545;87212,37;1,0;Office Suite Enterprise;Software;160
Negotiation;Enterprise;Junior;Premium;Email Campaign;Healthcare;Mature;North America;Canada;Ontario;2024-09-23;2024-12-10;Won;134;104679,48;0,6;"E-reader Platinum 8"" 32 GB";Devices;780
Prospecting;Mid-Market;Senior;Basic;Partner Program;Healthcare;Growth;APAC;India;Maharashtra;2024-11-20;2024-12-11;Won;459;30322,64;0,0;Wireless Charger Pad;Accessories;66
Prospecting;Enterprise;Mid-Level;Premium;Email Campaign;Manufacturing;Mature;EMEA;Denmark;Jylland;2024-11-26;2024-12-12;Lost;151;104953,21;0,2;"Tablet Pro 11"" 128 GB";Devices;694
Negotiation;Mid-Market;Principal;Standard;Partner Program;Manufacturing;Mature;EMEA;Spain;Catalonia;2024-10-23;2024-12-12;Won;186;37402,07;0,7;Smart Speaker Mini;Devices;201
Prospecting;Mid-Market;Junior;Premium;Webinar;Technology;Mature;EMEA;United Kingdom;England;2024-10-31;2024-12-13;Lost;53;43976,72;0,0;Premium Support;Services;819
Proposal;Mid-Market;Junior;Basic;Digital Ads;Healthcare;Mature;North America;United States;New York;2024-09-05;2024-12-13;Won;572;66969,83;0,4;Cloud Sync Pro;Software;117
Qualification;Mid-Market;Senior;Premium;Partner Program;Manufacturing;Mature;North America;Canada;Quebec;2024-12-02;2024-12-14;Lost;33;45667,26;0,3;Onsite Training;Services;1382
Qualification;Mid-Market;Senior;Premium;Conference;Technology;Emerging;LATAM;Brazil;Rio de Janeiro;2024-11-26;2024-12-15;Won;50;70130,75;0,4;Onsite Training;Services;1382
Prospecting;Mid-Market;Principal;Standard;Conference;Finance;Emerging;LATAM;Mexico;Mexico City;2024-10-27;2024-12-16;Won;220;44414,48;0,1;Smart Speaker Mini;Devices;201
Proposal;Enterprise;Mid-Level;Premium;Partner Program;Manufacturing;Mature;North America;United States;Texas;2024-11-10;2024-12-16;Lost;241;131882,49;0,5;Smart Speaker Max;Devices;546
Proposal;Enterprise;Mid-Level;Premium;Digital Ads;Manufacturing;Emerging;LATAM;Brazil;Rio de Janeiro;2024-10-31;2024-12-17;Lost;105;82208,94;0,5;"E-reader Platinum 8"" 32 GB";Devices;780
Proposal;Enterprise;Junior;Premium;Digital Ads;Finance;Mature;EMEA;United Kingdom;England;2024-11-26;2024-12-19;Won;83;114752,91;0,5;Onsite Training;Services;1382
Negotiation;Mid-Market;Senior;Basic;Partner Program;Government;Mature;North America;United States;Washington;2024-11-12;2024-12-19;Lost;496;32755,44;0,7;Wireless Charger Pad;Accessories;66
Qualification;Mid-Market;Junior;Standard;Partner Program;Technology;Mature;EMEA;Spain;Catalonia;2024-10-18;2024-12-20;Won;122;47947,24;0,3;Installation Service;Services;393
Negotiation;Enterprise;Principal;Basic;Webinar;Manufacturing;Mature;EMEA;Germany;Bavaria;2024-12-08;2024-12-20;Won;710;91714,02;0,6;Parental Control Suite;Software;129
Qualification;Mid-Market;Senior;Basic;Webinar;Healthcare;Mature;North America;United States;Texas;2024-08-02;2024-12-21;Lost;268;31437,52;0,2;"Protective Case 6""";Accessories;117
Qualification;Mid-Market;Principal;Premium;Digital Ads;Education;Growth;APAC;Japan;Osaka;2024-10-21;2024-12-21;Lost;88;61343,99;0,2;"Tablet Pro 11"" 128 GB";Devices;694
Negotiation;Mid-Market;Principal;Premium;Digital Ads;Healthcare;Growth;APAC;India;Maharashtra;2024-11-08;2024-12-21;Won;63;34771,5;0,6;Smart Speaker Max;Devices;546
Prospecting;Mid-Market;Principal;Premium;Email Campaign;Education;Mature;North America;United States;Texas;2024-11-18;2024-12-21;Lost;54;42881,57;0,2;"E-reader Platinum 8"" 32 GB";Devices;780
Qualification;Enterprise;Mid-Level;Premium;Conference;Manufacturing;Mature;EMEA;United Kingdom;England;2024-08-29;2024-12-22;Lost;92;137501,84;0,3;Data Migration;Services;1487
Proposal;Enterprise;Senior;Premium;Conference;Finance;Mature;EMEA;Denmark;Jylland;2024-11-02;2024-12-22;Lost;73;109871,52;0,4;Data Migration;Services;1487
Prospecting;Enterprise;Junior;Basic;Email Campaign;Manufacturing;Growth;APAC;Japan;Tokyo;2024-10-15;2024-12-24;Lost;820;82079,55;0,0;"E-reader Lite 6"" 8 GB";Devices;100
Negotiation;Mid-Market;Senior;Basic;Email Campaign;Government;Emerging;LATAM;Mexico;Jalisco;2024-11-05;2024-12-24;Won;306;26322,71;0,7;Travel Adapter Kit;Accessories;86
Negotiation;Enterprise;Senior;Premium;Digital Ads;Healthcare;Mature;North America;United States;New York;2024-09-02;2024-12-25;Won;118;96949,77;0,7;Premium Support;Services;819
Negotiation;Mid-Market;Senior;Premium;Partner Program;Manufacturing;Growth;APAC;India;Maharashtra;2024-11-19;2024-12-26;Won;69;48011,58;0,8;"Tablet Pro 11"" 128 GB";Devices;694
Negotiation;Mid-Market;Senior;Premium;Digital Ads;Manufacturing;Mature;EMEA;Germany;Hesse;2024-11-21;2024-12-26;Lost;91;63829,92;0,7;"Tablet Pro 11"" 128 GB";Devices;694
Qualification;Mid-Market;Junior;Basic;Digital Ads;Technology;Mature;North America;Canada;British Columbia;2024-12-11;2024-12-28;Lost;282;30233,21;0,3;Premium Headphones;Accessories;107
Proposal;Mid-Market;Mid-Level;Basic;Conference;Technology;Mature;North America;Canada;Quebec;2024-11-26;2024-12-29;Won;808;23443,74;0,5;Stylus Pro;Accessories;29
Qualification;Mid-Market;Principal;Standard;Digital Ads;Healthcare;Emerging;LATAM;Mexico;Mexico City;2024-11-07;2024-12-29;Lost;347;69781,43;0,4;Smart Speaker Mini;Devices;201
Final Review;SMB;Mid-Level;Basic;Digital Ads;Manufacturing;Mature;North America;Canada;Quebec;2024-10-20;2024-12-30;Won;677;19644,21;0,9;Stylus Pro;Accessories;29
Negotiation;Mid-Market;Mid-Level;Standard;Partner Program;Government;Mature;North America;United States;Washington;2024-10-09;2024-12-30;Won;159;25472,23;0,7;Office Suite Enterprise;Software;160
Negotiation;Enterprise;Junior;Premium;Webinar;Finance;Mature;EMEA;United Kingdom;England;2024-10-21;2025-01-02;Won;208;162271,94;0,8;"E-reader Platinum 8"" 32 GB";Devices;780
Proposal;Mid-Market;Principal;Basic;Conference;Finance;Mature;EMEA;Denmark;Jylland;2024-12-16;2025-01-02;Lost;271;31775,04;0,5;"Protective Case 6""";Accessories;117
Qualification;Enterprise;Principal;Premium;Webinar;Healthcare;Growth;APAC;India;Maharashtra;2024-09-24;2025-01-03;Won;150;82069,31;0,3;Smart Speaker Max;Devices;546
Negotiation;Mid-Market;Principal;Basic;Webinar;Education;Mature;EMEA;Denmark;Jylland;2024-12-15;2025-01-04;Won;293;34345,34;0,7;"Protective Case 6""";Accessories;117
Proposal;Enterprise;Mid-Level;Standard;Conference;Finance;Mature;EMEA;Germany;Berlin;2024-12-17;2025-01-06;Lost;427;104237,83;0,6;ReadingPlus Annual;Software;244
Proposal;Mid-Market;Junior;Standard;Webinar;Retail;Growth;APAC;India;Delhi;2024-12-06;2025-01-06;Won;156;38120,49;0,4;ReadingPlus Annual;Software;244
Prospecting;Mid-Market;Junior;Basic;Webinar;Government;Emerging;LATAM;Brazil;Rio de Janeiro;2024-12-11;2025-01-07;Lost;281;32905,11;0,0;Cloud Sync Pro;Software;117
Negotiation;Mid-Market;Mid-Level;Premium;Partner Program;Education;Growth;APAC;Australia;New South Wales;2024-09-29;2025-01-09;Won;49;73122,98;0,6;Data Migration;Services;1487
Prospecting;Mid-Market;Junior;Basic;Partner Program;Government;Growth;APAC;Australia;New South Wales;2024-12-13;2025-01-10;Lost;497;32835,46;0,1;Wireless Charger Pad;Accessories;66
Final Review;Mid-Market;Mid-Level;Standard;Digital Ads;Healthcare;Mature;EMEA;Germany;Berlin;2024-10-17;2025-01-12;Lost;346;62686,13;0,9;Office Suite Basic;Software;181
Proposal;Mid-Market;Senior;Basic;Webinar;Healthcare;Growth;APAC;Australia;New South Wales;2024-12-12;2025-01-12;Lost;291;31157,16;0,5;Premium Headphones;Accessories;107
Negotiation;Mid-Market;Mid-Level;Basic;Webinar;Technology;Emerging;LATAM;Brazil;São Paulo;2024-09-11;2025-01-13;Won;529;45520,97;0,8;Travel Adapter Kit;Accessories;86
Proposal;Mid-Market;Principal;Standard;Webinar;Healthcare;Growth;APAC;Japan;Tokyo;2024-11-11;2025-01-14;Won;306;48962,59;0,6;Office Suite Enterprise;Software;160
Negotiation;Mid-Market;Principal;Basic;Conference;Education;Growth;APAC;Australia;Victoria;2024-12-28;2025-01-15;Won;406;43514,53;0,8;Premium Headphones;Accessories;107
Proposal;Mid-Market;Junior;Basic;Partner Program;Education;Mature;North America;Canada;British Columbia;2024-12-14;2025-01-16;Lost;507;43619,01;0,6;Travel Adapter Kit;Accessories;86
Prospecting;Enterprise;Mid-Level;Standard;Conference;Finance;Growth;APAC;Australia;Victoria;2024-12-08;2025-01-16;Lost;395;96403,67;0,1;ReadingPlus Annual;Software;244
Prospecting;Mid-Market;Principal;Standard;Conference;Finance;Growth;APAC;Japan;Osaka;2024-12-11;2025-01-16;Won;365;58481,17;0,1;Office Suite Enterprise;Software;160
Proposal;Enterprise;Mid-Level;Premium;Webinar;Healthcare;Emerging;LATAM;Mexico;Jalisco;2025-01-06;2025-01-17;Won;254;139068,55;0,6;Smart Speaker Max;Devices;546
Prospecting;Mid-Market;Junior;Basic;Partner Program;Healthcare;Mature;EMEA;Germany;Berlin;2024-12-09;2025-01-18;Lost;353;45663,06;0,0;Parental Control Suite;Software;129
Proposal;Mid-Market;Mid-Level;Premium;Email Campaign;Technology;Emerging;LATAM;Mexico;Jalisco;2024-12-30;2025-01-18;Lost;29;24239,3;0,6;Premium Support;Services;819
Proposal;Mid-Market;Junior;Basic;Partner Program;Healthcare;Mature;EMEA;Germany;Hesse;2024-11-09;2025-01-21;Lost;493;42457,44;0,6;Travel Adapter Kit;Accessories;86
Prospecting;Enterprise;Principal;Basic;Partner Program;Healthcare;Mature;EMEA;Spain;Madrid;2024-10-01;2025-01-21;Lost;727;93864,88;0,0;Parental Control Suite;Software;129
Prospecting;Enterprise;Principal;Premium;Conference;Healthcare;Growth;APAC;Australia;New South Wales;2025-01-07;2025-01-22;Lost;68;95330,7;0,0;Onsite Training;Services;1382
Qualification;Mid-Market;Principal;Basic;Webinar;Healthcare;Mature;EMEA;France;Île-de-France;2024-11-25;2025-01-22;Won;380;44562,65;0,4;Cloud Sync Pro;Software;117
Prospecting;Enterprise;Junior;Basic;Conference;Retail;Mature;EMEA;France;Île-de-France;2025-01-11;2025-01-23;Lost;1364;136492,62;0,1;"E-reader Lite 6"" 8 GB";Devices;100
Proposal;Mid-Market;Principal;Basic;Digital Ads;Technology;Emerging;LATAM;Brazil;Rio de Janeiro;2025-01-02;2025-01-24;Lost;341;36496,72;0,6;Premium Headphones;Accessories;107
Final Review;Mid-Market;Senior;Standard;Digital Ads;Technology;Mature;North America;Canada;Quebec;2024-11-27;2025-01-25;Won;169;30610,79;0,9;Office Suite Basic;Software;181
Negotiation;Mid-Market;Junior;Basic;Email Campaign;Technology;Mature;North America;United States;Texas;2024-12-19;2025-01-25;Won;214;25128,21;0,8;"Protective Case 6""";Accessories;117
Final Review;Mid-Market;Junior;Standard;Webinar;Healthcare;Mature;North America;United States;California;2024-12-19;2025-01-27;Lost;330;52919,47;0,9;Office Suite Enterprise;Software;160
Qualification;Mid-Market;Mid-Level;Premium;Partner Program;Finance;Growth;APAC;Japan;Osaka;2024-12-03;2025-01-27;Won;53;79328,03;0,4;Data Migration;Services;1487
Prospecting;Mid-Market;Principal;Standard;Digital Ads;Manufacturing;Mature;North America;United States;Washington;2024-12-22;2025-01-27;Lost;387;62016,72;0,2;Office Suite Enterprise;Software;160
Proposal;Mid-Market;Principal;Basic;Digital Ads;Manufacturing;Mature;North America;United States;California;2024-12-14;2025-01-28;Won;358;41917,05;0,5;Cloud Sync Pro;Software;117
Proposal;Enterprise;Senior;Premium;Email Campaign;Healthcare;Mature;EMEA;France;Île-de-France;2025-01-01;2025-01-29;Won;100;139250,47;0,4;Onsite Training;Services;1382
Prospecting;Enterprise;Mid-Level;Premium;Webinar;Healthcare;Mature;EMEA;Denmark;Hovedstaden;2024-12-11;2025-01-30;Won;99;138151,84;0,2;Onsite Training;Services;1382
Qualification;Enterprise;Senior;Premium;Partner Program;Finance;Mature;North America;United States;Texas;2024-11-08;2025-01-31;Lost;111;95338,06;0,3;Extended Warranty;Services;855
Negotiation;Enterprise;Senior;Premium;Partner Program;Retail;Mature;North America;Canada;British Columbia;2025-01-03;2025-02-02;Won;244;199920,68;0,7;Premium Support;Services;819
Negotiation;Mid-Market;Mid-Level;Premium;Email Campaign;Finance;Mature;EMEA;France;Auvergne-Rhône-Alpes;2024-12-18;2025-02-02;Lost;86;74239,92;0,6;Extended Warranty;Services;855
Proposal;Enterprise;Principal;Premium;Digital Ads;Retail;Mature;North America;Canada;Quebec;2024-12-16;2025-02-02;Won;219;171022,91;0,4;"E-reader Platinum 8"" 32 GB";Devices;780
Prospecting;Enterprise;Principal;Premium;Partner Program;Manufacturing;Mature;EMEA;United Kingdom;Scotland;2024-12-15;2025-02-02;Won;129;105892,75;0,1;Premium Support;Services;819
Prospecting;Enterprise;Junior;Premium;Partner Program;Finance;Mature;EMEA;France;Île-de-France;2024-12-16;2025-02-03;Lost;189;162097,94;0,1;Extended Warranty;Services;855
Qualification;Mid-Market;Junior;Premium;Digital Ads;Manufacturing;Mature;EMEA;United Kingdom;England;2025-01-07;2025-02-04;Lost;101;79014,13;0,4;"E-reader Platinum 8"" 32 GB";Devices;780
Proposal;Mid-Market;Junior;Standard;Conference;Technology;Emerging;LATAM;Mexico;Jalisco;2024-12-11;2025-02-05;Won;372;67385,08;0,5;Office Suite Basic;Software;181
Final Review;Mid-Market;Senior;Premium;Partner Program;Healthcare;Mature;North America;Canada;Quebec;2024-12-19;2025-02-05;Lost;107;74282,57;0,9;"Tablet Pro 11"" 128 GB";Devices;694
Negotiation;Mid-Market;Mid-Level;Basic;Conference;Finance;Mature;North America;Canada;Quebec;2024-09-18;2025-02-07;Won;309;33064,95;0,6;Premium Headphones;Accessories;107
Proposal;Mid-Market;Junior;Premium;Webinar;Government;Mature;North America;United States;California;2025-01-16;2025-02-07;Won;68;53360,84;0,5;"E-reader Platinum 8"" 32 GB";Devices;780
Proposal;Enterprise;Principal;Premium;Email Campaign;Healthcare;Mature;North America;United States;New York;2025-01-06;2025-02-08;Won;234;128162,26;0,5;Smart Speaker Max;Devices;546
Negotiation;Mid-Market;Senior;Basic;Conference;Healthcare;Mature;North America;United States;New York;2025-01-14;2025-02-09;Won;1264;36668,9;0,7;Stylus Pro;Accessories;29
Proposal;Mid-Market;Mid-Level;Basic;Partner Program;Technology;Growth;APAC;India;Karnataka;2025-01-26;2025-02-11;Won;420;27750,21;0,4;Wireless Charger Pad;Accessories;66
Prospecting;Mid-Market;Principal;Basic;Conference;Government;Mature;EMEA;Denmark;Jylland;2024-12-09;2025-02-12;Lost;465;54413,85;0,1;"Protective Case 6""";Accessories;117
Qualification;Mid-Market;Mid-Level;Basic;Digital Ads;Healthcare;Emerging;LATAM;Mexico;Mexico City;2025-01-30;2025-02-12;Lost;358;38359,34;0,3;Premium Headphones;Accessories;107
Qualification;Enterprise;Junior;Premium;Email Campaign;Finance;Mature;EMEA;Spain;Madrid;2024-12-26;2025-02-13;Lost;66;99587,8;0,3;Data Migration;Services;1487
Final Review;Mid-Market;Senior;Basic;Email Campaign;Government;Mature;North America;Canada;Quebec;2025-01-26;2025-02-13;Won;262;30765,33;0,9;Cloud Sync Pro;Software;117
Final Review;Enterprise;Mid-Level;Premium;Webinar;Finance;Mature;North America;United States;New York;2025-01-07;2025-02-14;Won;118;92698,19;0,8;"E-reader Platinum 8"" 32 GB";Devices;780
Negotiation;Mid-Market;Mid-Level;Basic;Conference;Finance;Growth;APAC;Japan;Tokyo;2024-12-26;2025-02-14;Won;1895;54969,34;0,8;Stylus Pro;Accessories;29
Negotiation;Mid-Market;Junior;Premium;Conference;Healthcare;Mature;North America;Canada;Ontario;2025-02-05;2025-02-15;Won;63;54396,3;0,7;Extended Warranty;Services;855
Qualification;Mid-Market;Senior;Basic;Digital Ads;Technology;Emerging;LATAM;Mexico;Mexico City;2025-01-22;2025-02-17;Lost;202;26065,35;0,2;Parental Control Suite;Software;129
Negotiation;Mid-Market;Principal;Premium;Email Campaign;Manufacturing;Growth;APAC;Australia;New South Wales;2025-01-20;2025-02-19;Won;42;34951,17;0,6;Premium Support;Services;819
Negotiation;Enterprise;Principal;Standard;Partner Program;Healthcare;Mature;EMEA;Denmark;Jylland;2025-01-26;2025-02-20;Won;367;89769,27;0,7;ReadingPlus Annual;Software;244
Qualification;Mid-Market;Senior;Basic;Webinar;Manufacturing;Growth;APAC;India;Maharashtra;2025-01-15;2025-02-21;Lost;685;73389,75;0,3;Premium Headphones;Accessories;107
Final Review;Mid-Market;Senior;Basic;Webinar;Finance;Mature;North America;Canada;Quebec;2024-12-16;2025-02-22;Won;888;76421,04;0,8;Travel Adapter Kit;Accessories;86
Prospecting;Mid-Market;Senior;Premium;Conference;Finance;Mature;EMEA;United Kingdom;Scotland;2024-12-09;2025-02-22;Lost;43;60661,37;0,1;Onsite Training;Services;1382
Prospecting;Mid-Market;Principal;Basic;Conference;Manufacturing;Mature;North America;Canada;British Columbia;2025-01-20;2025-02-22;Lost;255;27358,05;0,2;Premium Headphones;Accessories;107
Qualification;Enterprise;Senior;Standard;Webinar;Retail;Growth;APAC;India;Delhi;2024-12-22;2025-02-22;Won;546;109854,88;0,4;Smart Speaker Mini;Devices;201
Prospecting;Enterprise;Principal;Premium;Email Campaign;Healthcare;Mature;EMEA;France;Île-de-France;2025-01-10;2025-02-23;Lost;106;87018,13;0,2;Premium Support;Services;819
Negotiation;Mid-Market;Mid-Level;Basic;Webinar;Technology;Mature;EMEA;United Kingdom;Scotland;2024-11-29;2025-02-23;Won;776;22505,59;0,7;Stylus Pro;Accessories;29
Proposal;Mid-Market;Junior;Standard;Webinar;Technology;Emerging;LATAM;Mexico;Jalisco;2025-01-29;2025-02-23;Lost;282;56833,34;0,5;Smart Speaker Mini;Devices;201
Prospecting;Mid-Market;Junior;Basic;Webinar;Healthcare;Mature;EMEA;France;Île-de-France;2025-02-07;2025-02-23;Lost;338;22352,82;0,1;Wireless Charger Pad;Accessories;66
Prospecting;Enterprise;Junior;Basic;Webinar;Finance;Emerging;LATAM;Mexico;Mexico City;2025-02-04;2025-02-25;Lost;1543;180624,21;0,1;Cloud Sync Pro;Software;117
Negotiation;Mid-Market;Junior;Premium;Webinar;Technology;Mature;EMEA;Germany;Berlin;2024-12-21;2025-02-26;Won;42;62748,82;0,7;Data Migration;Services;1487
Prospecting;Mid-Market;Senior;Premium;Conference;Retail;Mature;North America;Canada;Quebec;2025-01-16;2025-02-26;Lost;89;73687,73;0,2;Premium Support;Services;819
Negotiation;Enterprise;Senior;Premium;Digital Ads;Retail;Mature;North America;United States;New York;2024-12-27;2025-02-27;Won;231;160396,33;0,7;"Tablet Pro 11"" 128 GB";Devices;694
Qualification;SMB;Junior;Basic;Webinar;Technology;Mature;North America;Canada;British Columbia;2025-01-20;2025-02-27;Lost;163;14023,63;0,3;Travel Adapter Kit;Accessories;86
Negotiation;Mid-Market;Principal;Standard;Partner Program;Healthcare;Mature;EMEA;France;Île-de-France;2025-01-18;2025-03-01;Won;148;23694,19;0,8;Office Suite Enterprise;Software;160
Negotiation;Enterprise;Mid-Level;Basic;Webinar;Retail;Growth;APAC;Japan;Tokyo;2024-12-23;2025-03-02;Won;1212;141856,09;0,7;Cloud Sync Pro;Software;117
Qualification;Mid-Market;Principal;Basic;Email Campaign;Manufacturing;Mature;EMEA;Germany;Bavaria;2025-01-27;2025-03-02;Lost;304;35636,1;0,3;Cloud Sync Pro;Software;117
Negotiation;SMB;Principal;Basic;Email Campaign;Government;Mature;North America;United States;Washington;2025-02-01;2025-03-02;Won;155;16598,47;0,6;Premium Headphones;Accessories;107
Negotiation;Enterprise;Principal;Premium;Partner Program;Retail;Mature;EMEA;United Kingdom;England;2024-12-06;2025-03-02;Lost;221;120998,85;0,6;Smart Speaker Max;Devices;546
Proposal;Mid-Market;Senior;Basic;Email Campaign;Manufacturing;Emerging;LATAM;Mexico;Mexico City;2025-01-02;2025-03-03;Won;769;76959,89;0,5;"E-reader Lite 6"" 8 GB";Devices;100
Prospecting;Mid-Market;Senior;Basic;Partner Program;Manufacturing;Mature;EMEA;Spain;Madrid;2025-01-08;2025-03-03;Lost;800;52809,79;0,1;Wireless Charger Pad;Accessories;66
Prospecting;Enterprise;Junior;Premium;Partner Program;Retail;Mature;North America;United States;California;2025-01-31;2025-03-04;Lost;90;124569,98;0,2;Onsite Training;Services;1382
Proposal;Enterprise;Principal;Basic;Email Campaign;Healthcare;Growth;APAC;Australia;Victoria;2025-01-21;2025-03-05;Won;877;87730,42;0,4;"E-reader Lite 6"" 8 GB";Devices;100
Prospecting;SMB;Senior;Basic;Partner Program;Manufacturing;Emerging;LATAM;Mexico;Mexico City;2024-12-29;2025-03-05;Lost;656;19029,33;0,2;Stylus Pro;Accessories;29
Final Review;Mid-Market;Principal;Standard;Partner Program;Manufacturing;Emerging;LATAM;Brazil;Rio de Janeiro;2025-02-23;2025-03-09;Won;447;71602,07;0,9;Office Suite Enterprise;Software;160
Qualification;Mid-Market;Junior;Basic;Partner Program;Healthcare;Mature;North America;Canada;Quebec;2025-01-28;2025-03-09;Lost;1631;47318,46;0,3;Stylus Pro;Accessories;29
Negotiation;Enterprise;Mid-Level;Premium;Webinar;Finance;Emerging;LATAM;Brazil;São Paulo;2025-01-01;2025-03-10;Won;84;117226;0,6;Onsite Training;Services;1382
Prospecting;Enterprise;Principal;Premium;Webinar;Finance;Mature;North America;United States;New York;2025-01-18;2025-03-11;Lost;92;137172,15;0,2;Data Migration;Services;1487
Prospecting;Mid-Market;Junior;Basic;Conference;Manufacturing;Growth;APAC;Japan;Tokyo;2024-12-17;2025-03-11;Lost;280;30030;0,1;Premium Headphones;Accessories;107
Prospecting;Enterprise;Principal;Premium;Partner Program;Retail;Mature;EMEA;Spain;Madrid;2025-01-26;2025-03-11;Lost;121;94983,76;0,2;"E-reader Platinum 8"" 32 GB";Devices;780
Prospecting;Mid-Market;Senior;Basic;Email Campaign;Healthcare;Mature;North America;Canada;Quebec;2025-02-04;2025-03-12;Lost;703;46414,21;0,1;Wireless Charger Pad;Accessories;66
Negotiation;Enterprise;Junior;Basic;Webinar;Manufacturing;Mature;North America;United States;New York;2025-01-03;2025-03-12;Won;822;82246,82;0,8;"E-reader Lite 6"" 8 GB";Devices;100
Qualification;Mid-Market;Mid-Level;Basic;Partner Program;Retail;Mature;North America;United States;Texas;2025-02-13;2025-03-12;Won;462;49460,96;0,2;Premium Headphones;Accessories;107
Prospecting;Mid-Market;Principal;Basic;Email Campaign;Retail;Growth;APAC;Australia;Victoria;2025-01-15;2025-03-13;Lost;367;43040,25;0,2;Cloud Sync Pro;Software;117
Proposal;Enterprise;Principal;Premium;Digital Ads;Healthcare;Mature;North America;United States;California;2024-11-13;2025-03-14;Lost;159;86862,72;0,6;Smart Speaker Max;Devices;546
Proposal;Mid-Market;Junior;Premium;Conference;Healthcare;Mature;EMEA;Denmark;Jylland;2025-02-21;2025-03-14;Lost;80;65566,19;0,5;Premium Support;Services;819
Qualification;Enterprise;Principal;Premium;Webinar;Retail;Growth;APAC;India;Karnataka;2025-02-22;2025-03-15;Won;115;90059;0,4;"E-reader Platinum 8"" 32 GB";Devices;780
Qualification;Enterprise;Senior;Basic;Email Campaign;Retail;Mature;North America;United States;Washington;2025-01-18;2025-03-15;Won;792;92681,46;0,3;Cloud Sync Pro;Software;117
Proposal;Enterprise;Senior;Standard;Digital Ads;Technology;Mature;North America;United States;Washington;2025-02-27;2025-03-16;Lost;567;114130,28;0,5;Smart Speaker Mini;Devices;201
Prospecting;Enterprise;Junior;Premium;Email Campaign;Retail;Emerging;LATAM;Mexico;Mexico City;2025-02-26;2025-03-17;Won;118;96754,6;0,1;Premium Support;Services;819
Prospecting;Mid-Market;Mid-Level;Basic;Partner Program;Finance;Mature;North America;United States;California;2025-02-17;2025-03-18;Won;330;38681,27;0,2;"Protective Case 6""";Accessories;117
Prospecting;Mid-Market;Principal;Basic;Partner Program;Healthcare;Emerging;LATAM;Brazil;Rio de Janeiro;2025-02-25;2025-03-19;Lost;557;47978,48;0,1;Travel Adapter Kit;Accessories;86
Negotiation;Mid-Market;Mid-Level;Basic;Digital Ads;Finance;Growth;APAC;India;Karnataka;2025-03-09;2025-03-19;Lost;595;69690;0,7;Cloud Sync Pro;Software;117
Prospecting;Enterprise;Principal;Premium;Digital Ads;Healthcare;Mature;North America;Canada;Ontario;2025-02-25;2025-03-19;Lost;56;83710,55;0,1;Data Migration;Services;1487
Proposal;Enterprise;Principal;Premium;Webinar;Manufacturing;Mature;North America;United States;Washington;2025-01-31;2025-03-20;Lost;58;81389,99;0,5;Onsite Training;Services;1382
Prospecting;Mid-Market;Junior;Basic;Email Campaign;Manufacturing;Emerging;LATAM;Brazil;Rio de Janeiro;2025-02-09;2025-03-20;Lost;562;56293,33;0,0;"E-reader Lite 6"" 8 GB";Devices;100
Negotiation;Mid-Market;Mid-Level;Standard;Webinar;Manufacturing;Mature;North America;United States;New York;2025-02-24;2025-03-22;Won;292;71393,91;0,6;ReadingPlus Annual;Software;244
Proposal;Mid-Market;Junior;Basic;Conference;Government;Growth;APAC;Japan;Tokyo;2025-03-01;2025-03-23;Lost;257;25784,7;0,5;"E-reader Lite 6"" 8 GB";Devices;100
Qualification;Mid-Market;Junior;Basic;Digital Ads;Technology;Mature;EMEA;United Kingdom;England;2024-12-23;2025-03-25;Lost;378;44320,79;0,4;"Protective Case 6""";Accessories;117
Negotiation;Enterprise;Junior;Premium;Digital Ads;Retail;Mature;EMEA;France;Île-de-France;2025-02-27;2025-03-25;Lost;128;105261,16;0,6;Premium Support;Services;819
Proposal;Mid-Market;Mid-Level;Standard;Email Campaign;Healthcare;Mature;North America;United States;Washington;2025-02-12;2025-03-25;Lost;235;42663,85;0,6;Office Suite Basic;Software;181
Final Review;Enterprise;Mid-Level;Basic;Webinar;Healthcare;Growth;APAC;Australia;Victoria;2025-02-11;2025-03-26;Won;753;88134,09;0,9;Cloud Sync Pro;Software;117
Proposal;Enterprise;Junior;Basic;Partner Program;Finance;Mature;EMEA;Germany;Bavaria;2025-01-15;2025-03-26;Won;1053;123292,12;0,6;Cloud Sync Pro;Software;117
Final Review;Mid-Market;Junior;Premium;Partner Program;Technology;Growth;APAC;Australia;Victoria;2025-02-26;2025-03-27;Lost;46;63735,54;0,8;Onsite Training;Services;1382
Qualification;Mid-Market;Principal;Premium;Conference;Government;Emerging;LATAM;Brazil;Rio de Janeiro;2025-02-20;2025-03-28;Won;33;50340,25;0,3;Data Migration;Services;1487
Proposal;Enterprise;Senior;Premium;Partner Program;Finance;Mature;EMEA;Germany;Hesse;2025-01-12;2025-03-28;Lost;54;80308,14;0,5;Data Migration;Services;1487
Proposal;Mid-Market;Principal;Premium;Webinar;Healthcare;Mature;EMEA;Denmark;Hovedstaden;2025-02-25;2025-03-28;Lost;40;56445,65;0,5;Onsite Training;Services;1382
Qualification;Enterprise;Junior;Premium;Webinar;Healthcare;Mature;North America;United States;Washington;2025-02-07;2025-03-29;Lost;102;87690,36;0,4;Extended Warranty;Services;855
Negotiation;Mid-Market;Senior;Basic;Digital Ads;Healthcare;Mature;EMEA;Germany;Berlin;2025-03-10;2025-03-29;Lost;328;42366,11;0,8;Parental Control Suite;Software;129
Negotiation;Mid-Market;Mid-Level;Standard;Digital Ads;Manufacturing;Growth;APAC;Japan;Tokyo;2025-02-07;2025-03-31;Lost;302;60808,55;0,7;Smart Speaker Mini;Devices;201
Negotiation;Enterprise;Junior;Standard;Webinar;Finance;Mature;EMEA;Denmark;Hovedstaden;2025-03-15;2025-04-01;Lost;580;105152,6;0,7;Office Suite Basic;Software;181
Negotiation;Mid-Market;Mid-Level;Basic;Webinar;Healthcare;Mature;North America;Canada;Quebec;2025-01-10;2025-04-02;Won;525;45215,09;0,6;Travel Adapter Kit;Accessories;86
Qualification;Mid-Market;Junior;Standard;Digital Ads;Government;Mature;North America;United States;Texas;2024-12-29;2025-04-03;Lost;179;32493,57;0,3;Office Suite Basic;Software;181
Prospecting;Mid-Market;Senior;Premium;Conference;Technology;Growth;APAC;India;Delhi;2025-01-26;2025-04-03;Won;25;34875,7;0,2;Onsite Training;Services;1382
Qualification;Mid-Market;Mid-Level;Basic;Digital Ads;Healthcare;Growth;APAC;Australia;Victoria;2025-02-17;2025-04-03;Lost;512;44032,09;0,2;Travel Adapter Kit;Accessories;86
Qualification;Mid-Market;Junior;Premium;Conference;Government;Mature;EMEA;Spain;Madrid;2025-03-03;2025-04-05;Lost;58;32011,08;0,2;Smart Speaker Max;Devices;546
Qualification;Enterprise;Junior;Premium;Partner Program;Manufacturing;Mature;North America;Canada;Quebec;2025-02-04;2025-04-06;Lost;90;135309,62;0,3;Data Migration;Services;1487
Negotiation;Mid-Market;Mid-Level;Standard;Conference;Healthcare;Mature;North America;Canada;Ontario;2025-03-02;2025-04-06;Won;262;64077,39;0,7;ReadingPlus Annual;Software;244
Negotiation;Mid-Market;Senior;Basic;Conference;Healthcare;Mature;EMEA;Germany;Bavaria;2024-11-20;2025-04-06;Won;298;31899,39;0,7;Premium Headphones;Accessories;107
Prospecting;Mid-Market;Mid-Level;Basic;Partner Program;Education;Mature;EMEA;Germany;Bavaria;2025-01-10;2025-04-07;Lost;421;49362,59;0,0;Cloud Sync Pro;Software;117
Proposal;Enterprise;Principal;Basic;Partner Program;Healthcare;Mature;EMEA;Spain;Catalonia;2024-12-15;2025-04-08;Lost;742;95759,26;0,4;Parental Control Suite;Software;129
Prospecting;Mid-Market;Mid-Level;Basic;Digital Ads;Manufacturing;Mature;EMEA;France;Île-de-France;2025-02-11;2025-04-10;Won;408;35093,85;0,1;Travel Adapter Kit;Accessories;86
Prospecting;Enterprise;Junior;Premium;Partner Program;Healthcare;Emerging;LATAM;Mexico;Mexico City;2025-03-04;2025-04-10;Lost;213;148450,33;0,0;"Tablet Pro 11"" 128 GB";Devices;694
Prospecting;Mid-Market;Junior;Basic;Digital Ads;Retail;Mature;North America;United States;Washington;2025-02-18;2025-04-11;Won;663;43784,42;0,0;Wireless Charger Pad;Accessories;66
Negotiation;Mid-Market;Junior;Premium;Digital Ads;Finance;Mature;North America;United States;Texas;2025-02-05;2025-04-13;Lost;128;69976,41;0,8;Smart Speaker Max;Devices;546
Proposal;Enterprise;Junior;Premium;Digital Ads;Finance;Mature;North America;Canada;Ontario;2025-03-22;2025-04-14;Lost;230;159626,14;0,6;"Tablet Pro 11"" 128 GB";Devices;694
Proposal;Mid-Market;Senior;Premium;Webinar;Technology;Mature;North America;United States;New York;2025-03-03;2025-04-15;Lost;83;68530,25;0,5;Premium Support;Services;819
Negotiation;Mid-Market;Principal;Basic;Conference;Government;Mature;EMEA;France;Auvergne-Rhône-Alpes;2025-03-06;2025-04-16;Won;795;23067,74;0,6;Stylus Pro;Accessories;29
Proposal;Mid-Market;Principal;Standard;Partner Program;Retail;Mature;EMEA;Germany;Bavaria;2025-03-30;2025-04-17;Won;221;40012,69;0,4;Office Suite Basic;Software;181
Negotiation;Enterprise;Mid-Level;Standard;Webinar;Manufacturing;Mature;EMEA;United Kingdom;Scotland;2025-03-16;2025-04-19;Lost;398;97304,55;0,7;ReadingPlus Annual;Software;244
Prospecting;Enterprise;Mid-Level;Premium;Partner Program;Technology;Mature;North America;Canada;Ontario;2025-03-15;2025-04-19;Lost;76;106342,57;0,0;Onsite Training;Services;1382
Proposal;Enterprise;Senior;Standard;Webinar;Finance;Emerging;LATAM;Mexico;Jalisco;2025-03-22;2025-04-19;Won;353;86371,65;0,6;ReadingPlus Annual;Software;244
Prospecting;Mid-Market;Mid-Level;Premium;Partner Program;Government;Mature;EMEA;United Kingdom;Scotland;2024-12-15;2025-04-19;Lost;101;70306,96;0,2;"Tablet Pro 11"" 128 GB";Devices;694
Qualification;Mid-Market;Principal;Premium;Webinar;Healthcare;Mature;North America;Canada;Ontario;2024-12-22;2025-04-21;Won;64;55571,98;0,3;Extended Warranty;Services;855
Final Review;Mid-Market;Senior;Standard;Webinar;Finance;Mature;EMEA;Spain;Catalonia;2025-03-04;2025-04-21;Lost;409;65444,8;0,9;Office Suite Enterprise;Software;160
Proposal;Mid-Market;Principal;Premium;Partner Program;Retail;Mature;North America;United States;New York;2025-02-08;2025-04-22;Won;56;78370,52;0,5;Onsite Training;Services;1382
Negotiation;Mid-Market;Principal;Standard;Webinar;Education;Mature;EMEA;Spain;Catalonia;2025-02-03;2025-04-23;Won;187;45810,63;0,7;ReadingPlus Annual;Software;244
Proposal;Mid-Market;Mid-Level;Premium;Webinar;Education;Mature;EMEA;United Kingdom;Scotland;2025-02-20;2025-04-24;Won;37;55353,16;0,6;Data Migration;Services;1487
Proposal;Enterprise;Principal;Standard;Digital Ads;Healthcare;Mature;North America;United States;Washington;2025-01-31;2025-04-25;Lost;435;87557,3;0,4;Smart Speaker Mini;Devices;201
Qualification;Enterprise;Principal;Standard;Conference;Healthcare;Mature;EMEA;Denmark;Hovedstaden;2025-02-11;2025-04-25;Won;423;85082,33;0,3;Smart Speaker Mini;Devices;201
Proposal;Mid-Market;Senior;Premium;Digital Ads;Manufacturing;Mature;EMEA;Spain;Madrid;2025-04-04;2025-04-25;Won;40;55953,33;0,6;Onsite Training;Services;1382
Qualification;Enterprise;Mid-Level;Standard;Email Campaign;Manufacturing;Mature;EMEA;France;Auvergne-Rhône-Alpes;2025-03-13;2025-04-26;Lost;443;89173,28;0,2;Smart Speaker Mini;Devices;201
Prospecting;Mid-Market;Principal;Standard;Digital Ads;Manufacturing;Mature;EMEA;United Kingdom;Scotland;2025-03-11;2025-04-26;Lost;194;47352,67;0,0;ReadingPlus Annual;Software;244
Negotiation;Mid-Market;Senior;Basic;Digital Ads;Finance;Growth;APAC;India;Karnataka;2025-03-13;2025-04-27;Lost;573;37839,69;0,7;Wireless Charger Pad;Accessories;66
Final Review;Mid-Market;Principal;Basic;Email Campaign;Finance;Mature;North America;United States;California;2025-02-18;2025-04-28;Won;2628;76235,67;0,8;Stylus Pro;Accessories;29
Prospecting;Enterprise;Principal;Standard;Email Campaign;Education;Emerging;LATAM;Mexico;Jalisco;2025-03-22;2025-04-29;Lost;691;110667,93;0,0;Office Suite Enterprise;Software;160
Prospecting;Mid-Market;Mid-Level;Basic;Conference;Education;Mature;North America;Canada;Ontario;2025-03-31;2025-05-05;Won;345;40397,36;0,1;"Protective Case 6""";Accessories;117
Proposal;Mid-Market;Mid-Level;Premium;Digital Ads;Government;Growth;APAC;Australia;Victoria;2025-03-10;2025-05-06;Won;31;43676,78;0,6;Onsite Training;Services;1382
Qualification;Mid-Market;Principal;Basic;Partner Program;Manufacturing;Growth;APAC;Japan;Tokyo;2025-04-09;2025-05-06;Won;344;44473,77;0,3;Parental Control Suite;Software;129
Prospecting;Enterprise;Junior;Standard;Digital Ads;Healthcare;Mature;EMEA;Germany;Hesse;2025-02-21;2025-05-07;Lost;524;94956,17;0,1;Office Suite Basic;Software;181
Qualification;Mid-Market;Junior;Basic;Email Campaign;Healthcare;Mature;North America;United States;New York;2025-03-17;2025-05-07;Lost;634;63423,36;0,2;"E-reader Lite 6"" 8 GB";Devices;100
Qualification;Enterprise;Mid-Level;Premium;Email Campaign;Finance;Mature;EMEA;Denmark;Hovedstaden;2025-04-16;2025-05-10;Lost;79;109976,26;0,4;Onsite Training;Services;1382
Qualification;Mid-Market;Senior;Basic;Conference;Finance;Mature;EMEA;Denmark;Hovedstaden;2025-04-11;2025-05-10;Won;520;67140,09;0,3;Parental Control Suite;Software;129
Proposal;Enterprise;Junior;Premium;Email Campaign;Finance;Growth;APAC;Australia;New South Wales;2025-04-06;2025-05-11;Won;54;81012,1;0,5;Data Migration;Services;1487
Negotiation;Enterprise;Principal;Basic;Conference;Finance;Mature;EMEA;Germany;Bavaria;2025-04-09;2025-05-11;Won;1296;85594,43;0,7;Wireless Charger Pad;Accessories;66
Prospecting;Mid-Market;Mid-Level;Basic;Webinar;Education;Mature;North America;United States;California;2025-04-09;2025-05-15;Lost;849;56077;0,1;Wireless Charger Pad;Accessories;66
Prospecting;Enterprise;Principal;Premium;Webinar;Finance;Growth;APAC;India;Karnataka;2025-04-20;2025-05-15;Lost;141;110228,19;0,0;"E-reader Platinum 8"" 32 GB";Devices;780
Prospecting;Mid-Market;Principal;Basic;Partner Program;Government;Mature;EMEA;United Kingdom;Scotland;2025-04-18;2025-05-16;Won;401;42962,37;0,1;Premium Headphones;Accessories;107
Final Review;Mid-Market;Mid-Level;Standard;Webinar;Manufacturing;Mature;North America;United States;Washington;2025-04-14;2025-05-16;Won;286;69812,25;0,8;ReadingPlus Annual;Software;244
Prospecting;Mid-Market;Principal;Basic;Conference;Healthcare;Mature;EMEA;Denmark;Jylland;2025-03-19;2025-05-17;Lost;280;30038,32;0,0;Premium Headphones;Accessories;107
Qualification;Enterprise;Junior;Premium;Conference;Education;Mature;North America;United States;Texas;2025-04-23;2025-05-18;Lost;180;125261,87;0,3;"Tablet Pro 11"" 128 GB";Devices;694
Prospecting;Mid-Market;Mid-Level;Standard;Email Campaign;Finance;Mature;EMEA;Spain;Madrid;2025-03-25;2025-05-18;Lost;316;57299,08;0,0;Office Suite Basic;Software;181
Negotiation;Mid-Market;Junior;Premium;Webinar;Healthcare;Mature;North America;Canada;British Columbia;2025-02-10;2025-05-18;Won;53;45876,14;0,7;Extended Warranty;Services;855
Negotiation;Mid-Market;Mid-Level;Basic;Conference;Technology;Mature;EMEA;Germany;Hesse;2025-03-26;2025-05-18;Won;861;24977,44;0,7;Stylus Pro;Accessories;29
Negotiation;Mid-Market;Junior;Premium;Digital Ads;Finance;Mature;North America;United States;Washington;2025-04-02;2025-05-19;Won;133;72656,67;0,8;Smart Speaker Max;Devices;546
Qualification;Mid-Market;Senior;Basic;Conference;Retail;Mature;EMEA;Germany;Bavaria;2025-04-25;2025-05-20;Lost;286;30618,26;0,3;Premium Headphones;Accessories;107
Prospecting;Mid-Market;Senior;Premium;Email Campaign;Retail;Mature;North America;United States;Texas;2025-03-29;2025-05-21;Lost;45;62881,55;0,0;Onsite Training;Services;1382
Proposal;Enterprise;Senior;Standard;Webinar;Healthcare;Mature;EMEA;Germany;Bavaria;2025-04-17;2025-05-21;Lost;583;117337,73;0,6;Smart Speaker Mini;Devices;201
Negotiation;Mid-Market;Junior;Basic;Conference;Manufacturing;Mature;North America;Canada;Ontario;2025-03-09;2025-05-22;Won;435;28745,93;0,8;Wireless Charger Pad;Accessories;66
Qualification;Mid-Market;Principal;Standard;Digital Ads;Manufacturing;Mature;EMEA;United Kingdom;Scotland;2025-03-11;2025-05-22;Lost;313;63026,73;0,3;Smart Speaker Mini;Devices;201
Prospecting;Enterprise;Principal;Premium;Email Campaign;Retail;Mature;EMEA;Denmark;Hovedstaden;2025-03-02;2025-05-22;Won;261;142755,05;0,0;Smart Speaker Max;Devices;546
Negotiation;Mid-Market;Senior;Premium;Partner Program;Healthcare;Growth;APAC;Japan;Osaka;2025-05-06;2025-05-22;Lost;85;72777,57;0,7;Extended Warranty;Services;855
Prospecting;Mid-Market;Principal;Premium;Webinar;Education;Growth;APAC;Australia;Victoria;2025-05-06;2025-05-23;Lost;114;62280,73;0,0;Smart Speaker Max;Devices;546
Qualification;Enterprise;Junior;Premium;Digital Ads;Finance;Mature;North America;United States;Washington;2025-05-06;2025-05-24;Won;57;85224,36;0,4;Data Migration;Services;1487
Proposal;Enterprise;Senior;Premium;Partner Program;Finance;Mature;EMEA;Germany;Bavaria;2025-04-25;2025-05-24;Lost;83;124313,35;0,5;Data Migration;Services;1487
Proposal;Mid-Market;Principal;Standard;Email Campaign;Healthcare;Mature;EMEA;United Kingdom;England;2025-04-19;2025-05-24;Won;103;40520,12;0,5;Installation Service;Services;393
Final Review;Mid-Market;Mid-Level;Standard;Conference;Education;Growth;APAC;India;Maharashtra;2025-04-12;2025-05-25;Won;166;40630,83;0,8;ReadingPlus Annual;Software;244
Prospecting;Mid-Market;Principal;Basic;Conference;Healthcare;Mature;EMEA;Spain;Catalonia;2025-03-15;2025-05-26;Lost;624;53697,06;0,0;Travel Adapter Kit;Accessories;86
Proposal;Mid-Market;Mid-Level;Basic;Partner Program;Retail;Mature;EMEA;France;Auvergne-Rhône-Alpes;2025-05-17;2025-05-28;Won;639;74837,34;0,5;Cloud Sync Pro;Software;117
Prospecting;Enterprise;Senior;Basic;Email Campaign;Manufacturing;Mature;EMEA;France;Auvergne-Rhône-Alpes;2025-04-24;2025-05-28;Lost;631;81517,86;0,1;Parental Control Suite;Software;129
Negotiation;Mid-Market;Senior;Basic;Email Campaign;Government;Growth;APAC;Australia;Victoria;2025-05-15;2025-05-28;Won;350;30135,17;0,7;Travel Adapter Kit;Accessories;86
Negotiation;Mid-Market;Principal;Basic;Digital Ads;Manufacturing;Mature;EMEA;France;Auvergne-Rhône-Alpes;2025-05-16;2025-05-28;Won;574;74170,92;0,6;Parental Control Suite;Software;129
Proposal;Mid-Market;Junior;Basic;Digital Ads;Government;Mature;North America;Canada;British Columbia;2025-05-02;2025-05-29;Lost;252;21716,88;0,6;Travel Adapter Kit;Accessories;86
Final Review;Enterprise;Junior;Basic;Webinar;Healthcare;Mature;North America;United States;New York;2025-04-18;2025-05-30;Won;1012;130556,11;0,8;Parental Control Suite;Software;129
Prospecting;Enterprise;Principal;Premium;Email Campaign;Retail;Growth;APAC;Japan;Tokyo;2025-03-28;2025-05-31;Lost;162;133161,09;0,0;Premium Support;Services;819
Negotiation;Mid-Market;Senior;Basic;Conference;Education;Growth;APAC;India;Maharashtra;2025-05-20;2025-05-31;Won;583;50180,37;0,6;Travel Adapter Kit;Accessories;86
Proposal;Mid-Market;Principal;Premium;Digital Ads;Education;Growth;APAC;Australia;Victoria;2025-05-21;2025-06-02;Won;58;49709,66;0,4;Extended Warranty;Services;855
Qualification;Mid-Market;Junior;Premium;Partner Program;Education;Growth;APAC;India;Maharashtra;2025-04-30;2025-06-02;Won;34;47859,28;0,2;Onsite Training;Services;1382
Negotiation;Mid-Market;Mid-Level;Premium;Email Campaign;Government;Mature;EMEA;France;Île-de-France;2025-04-08;2025-06-03;Won;105;73266,83;0,8;"Tablet Pro 11"" 128 GB";Devices;694
Proposal;Mid-Market;Principal;Basic;Webinar;Healthcare;Mature;EMEA;France;Auvergne-Rhône-Alpes;2025-05-02;2025-06-04;Lost;443;44312,73;0,5;"E-reader Lite 6"" 8 GB";Devices;100
Negotiation;Enterprise;Senior;Premium;Webinar;Retail;Growth;APAC;Australia;New South Wales;2025-04-11;2025-06-05;Won;182;126506,91;0,7;"Tablet Pro 11"" 128 GB";Devices;694
Prospecting;Mid-Market;Mid-Level;Standard;Conference;Healthcare;Growth;APAC;India;Maharashtra;2025-02-22;2025-06-05;Won;178;43647,94;0,2;ReadingPlus Annual;Software;244
Prospecting;Mid-Market;Junior;Standard;Email Campaign;Manufacturing;Growth;APAC;India;Karnataka;2025-05-22;2025-06-05;Lost;202;79498;0,1;Installation Service;Services;393
Negotiation;Mid-Market;Junior;Standard;Conference;Manufacturing;Growth;APAC;India;Delhi;2025-04-28;2025-06-05;Won;191;46672,23;0,8;ReadingPlus Annual;Software;244
Prospecting;Mid-Market;Principal;Premium;Email Campaign;Government;Mature;North America;Canada;Ontario;2025-03-10;2025-06-07;Lost;34;47104,59;0,0;Onsite Training;Services;1382
Qualification;Enterprise;Mid-Level;Premium;Partner Program;Healthcare;Mature;EMEA;Denmark;Hovedstaden;2025-04-30;2025-06-08;Won;118;101176,05;0,3;Extended Warranty;Services;855
Proposal;Mid-Market;Mid-Level;Basic;Webinar;Manufacturing;Mature;North America;United States;California;2025-04-05;2025-06-10;Won;798;52710,13;0,5;Wireless Charger Pad;Accessories;66
Proposal;Mid-Market;Senior;Premium;Conference;Retail;Mature;North America;Canada;Ontario;2025-05-09;2025-06-11;Lost;66;54569,4;0,6;Premium Support;Services;819
Proposal;Enterprise;Junior;Basic;Email Campaign;Finance;Growth;APAC;India;Maharashtra;2025-03-26;2025-06-12;Won;830;83016,36;0,5;"E-reader Lite 6"" 8 GB";Devices;100
Negotiation;Mid-Market;Junior;Basic;Partner Program;Healthcare;Mature;North America;Canada;Quebec;2025-04-14;2025-06-14;Won;316;37009,95;0,6;"Protective Case 6""";Accessories;117
Prospecting;Mid-Market;Senior;Basic;Conference;Government;Growth;APAC;Australia;New South Wales;2025-05-26;2025-06-15;Lost;476;47688,91;0,2;"E-reader Lite 6"" 8 GB";Devices;100
Proposal;Mid-Market;Junior;Standard;Conference;Manufacturing;Mature;EMEA;Germany;Berlin;2025-05-20;2025-06-17;Lost;147;58128,27;0,5;Installation Service;Services;393
Final Review;Mid-Market;Senior;Basic;Conference;Manufacturing;Emerging;LATAM;Brazil;São Paulo;2025-04-30;2025-06-18;Won;274;29367,6;0,8;Premium Headphones;Accessories;107
Negotiation;Mid-Market;Principal;Premium;Partner Program;Healthcare;Mature;EMEA;Spain;Madrid;2025-03-17;2025-06-20;Won;91;78413,04;0,6;Extended Warranty;Services;855
Negotiation;SMB;Senior;Basic;Webinar;Healthcare;Mature;EMEA;Spain;Madrid;2025-06-03;2025-06-20;Won;227;19569,55;0,6;Travel Adapter Kit;Accessories;86
Proposal;Mid-Market;Principal;Basic;Partner Program;Healthcare;Mature;EMEA;Denmark;Hovedstaden;2025-05-17;2025-06-20;Lost;436;46705,45;0,5;Premium Headphones;Accessories;107
Proposal;Mid-Market;Junior;Basic;Partner Program;Retail;Mature;North America;Canada;Ontario;2025-04-07;2025-06-20;Won;808;69535,67;0,6;Travel Adapter Kit;Accessories;86
Proposal;Mid-Market;Mid-Level;Standard;Conference;Manufacturing;Mature;North America;Canada;Quebec;2025-05-27;2025-06-21;Lost;341;68679,19;0,5;Smart Speaker Mini;Devices;201
Qualification;Mid-Market;Junior;Basic;Conference;Healthcare;Mature;North America;United States;Texas;2025-04-16;2025-06-21;Lost;754;75489,43;0,4;"E-reader Lite 6"" 8 GB";Devices;100
Prospecting;Enterprise;Junior;Premium;Conference;Finance;Emerging;LATAM;Mexico;Jalisco;2025-06-06;2025-06-22;Lost;112;87498,88;0,2;"E-reader Platinum 8"" 32 GB";Devices;780
Proposal;Mid-Market;Mid-Level;Premium;Partner Program;Technology;Emerging;LATAM;Mexico;Mexico City;2025-04-21;2025-06-22;Won;27;40231,4;0,5;Data Migration;Services;1487
Negotiation;Mid-Market;Senior;Premium;Webinar;Finance;Mature;North America;United States;New York;2025-01-29;2025-06-22;Lost;85;72796,44;0,7;Extended Warranty;Services;855
Proposal;Enterprise;Junior;Premium;Webinar;Healthcare;Emerging;LATAM;Brazil;Rio de Janeiro;2025-06-05;2025-06-23;Won;65;96883,41;0,6;Data Migration;Services;1487
Prospecting;Enterprise;Senior;Premium;Digital Ads;Finance;Growth;APAC;Australia;Victoria;2025-05-20;2025-06-23;Lost;191;149257,34;0,0;"E-reader Platinum 8"" 32 GB";Devices;780
Prospecting;Mid-Market;Principal;Standard;Partner Program;Finance;Mature;North America;United States;Texas;2025-02-26;2025-06-23;Lost;445;71229,08;0,1;Office Suite Enterprise;Software;160
Prospecting;Mid-Market;Junior;Standard;Conference;Education;Mature;EMEA;Germany;Hesse;2025-04-27;2025-06-26;Lost;233;46951,77;0,0;Smart Speaker Mini;Devices;201
Qualification;Mid-Market;Junior;Standard;Conference;Education;Mature;EMEA;France;Île-de-France;2025-06-17;2025-06-30;Lost;396;63380,46;0,4;Office Suite Enterprise;Software;160
Negotiation;Mid-Market;Mid-Level;Standard;Conference;Healthcare;Mature;EMEA;Spain;Catalonia;2025-05-13;2025-07-01;Lost;310;62364,31;0,7;Smart Speaker Mini;Devices;201
Prospecting;Mid-Market;Mid-Level;Standard;Email Campaign;Healthcare;Mature;North America;United States;Washington;2025-05-26;2025-07-01;Won;395;79561,89;0,1;Smart Speaker Mini;Devices;201
Prospecting;Mid-Market;Mid-Level;Premium;Partner Program;Manufacturing;Growth;APAC;India;Karnataka;2025-05-22;2025-07-02;Won;60;51446,67;0,2;Extended Warranty;Services;855
Proposal;Mid-Market;Principal;Basic;Digital Ads;Technology;Growth;APAC;Australia;New South Wales;2025-05-23;2025-07-03;Lost;371;43410,47;0,6;Cloud Sync Pro;Software;117
Prospecting;Mid-Market;Junior;Basic;Conference;Manufacturing;Mature;North America;Canada;Quebec;2025-04-18;2025-07-04;Won;402;34643,8;0,1;Travel Adapter Kit;Accessories;86
Negotiation;Enterprise;Senior;Premium;Email Campaign;Healthcare;Mature;North America;Canada;Ontario;2025-04-25;2025-07-04;Won;115;90242,42;0,7;"E-reader Platinum 8"" 32 GB";Devices;780
Qualification;Mid-Market;Principal;Basic;Email Campaign;Manufacturing;Growth;APAC;Japan;Osaka;2025-06-23;2025-07-07;Lost;580;67917,85;0,3;Cloud Sync Pro;Software;117
Negotiation;Enterprise;Senior;Basic;Conference;Finance;Mature;North America;United States;Washington;2025-01-09;2025-07-08;Won;861;111193,43;0,8;Parental Control Suite;Software;129
Qualification;Mid-Market;Mid-Level;Premium;Partner Program;Education;Growth;APAC;Australia;New South Wales;2025-06-07;2025-07-08;Won;60;41712,81;0,3;"Tablet Pro 11"" 128 GB";Devices;694
Negotiation;Mid-Market;Principal;Basic;Email Campaign;Manufacturing;Mature;North America;Canada;Quebec;2025-06-23;2025-07-10;Lost;544;63691,38;0,6;"Protective Case 6""";Accessories;117
Proposal;Enterprise;Junior;Standard;Webinar;Education;Growth;APAC;Australia;New South Wales;2025-05-06;2025-07-10;Won;218;86050,25;0,4;Installation Service;Services;393
Proposal;Mid-Market;Principal;Basic;Digital Ads;Healthcare;Mature;North America;United States;Washington;2025-06-17;2025-07-11;Won;272;35179,33;0,6;Parental Control Suite;Software;129
Prospecting;Mid-Market;Principal;Premium;Email Campaign;Healthcare;Mature;EMEA;United Kingdom;Scotland;2025-07-01;2025-07-12;Lost;72;62063,08;0,2;Extended Warranty;Services;855
Negotiation;Mid-Market;Mid-Level;Premium;Email Campaign;Technology;Mature;EMEA;United Kingdom;England;2025-04-12;2025-07-14;Won;40;33259,18;0,7;Premium Support;Services;819
Proposal;Mid-Market;Principal;Basic;Digital Ads;Retail;Mature;North America;Canada;Quebec;2025-04-02;2025-07-14;Lost;729;48119;0,6;Wireless Charger Pad;Accessories;66
Prospecting;Mid-Market;Mid-Level;Basic;Partner Program;Finance;Mature;North America;United States;Washington;2025-06-17;2025-07-18;Lost;741;48947,55;0,1;Wireless Charger Pad;Accessories;66
Qualification;Mid-Market;Mid-Level;Premium;Email Campaign;Healthcare;Mature;EMEA;Spain;Catalonia;2025-06-17;2025-07-18;Lost;81;63918,13;0,3;"E-reader Platinum 8"" 32 GB";Devices;780
Prospecting;Mid-Market;Principal;Premium;Conference;Government;Mature;EMEA;United Kingdom;England;2025-06-22;2025-07-19;Lost;101;55496,92;0,2;Smart Speaker Max;Devices;546
Negotiation;Mid-Market;Senior;Basic;Webinar;Finance;Growth;APAC;India;Maharashtra;2025-07-08;2025-07-19;Won;593;69389,58;0,8;Cloud Sync Pro;Software;117
Qualification;Mid-Market;Principal;Basic;Email Campaign;Retail;Mature;EMEA;Denmark;Hovedstaden;2025-06-12;2025-07-20;Won;2050;59454,25;0,3;Stylus Pro;Accessories;29
Proposal;Enterprise;Junior;Premium;Digital Ads;Retail;Mature;North America;United States;New York;2025-06-29;2025-07-20;Won;75;111539,86;0,6;Data Migration;Services;1487
Final Review;Mid-Market;Junior;Standard;Partner Program;Government;Mature;North America;United States;California;2025-05-16;2025-07-21;Won;165;29916,42;0,8;Office Suite Basic;Software;181
Prospecting;Mid-Market;Junior;Premium;Webinar;Government;Mature;EMEA;United Kingdom;Scotland;2025-05-06;2025-07-23;Lost;42;63211,19;0,0;Data Migration;Services;1487
Proposal;Mid-Market;Mid-Level;Basic;Webinar;Government;Mature;North America;United States;Washington;2025-06-06;2025-07-23;Won;222;26019,93;0,5;"Protective Case 6""";Accessories;117
Final Review;Mid-Market;Junior;Basic;Conference;Technology;Mature;North America;United States;California;2025-06-23;2025-07-24;Won;436;37576,51;0,8;Travel Adapter Kit;Accessories;86
Prospecting;Mid-Market;Junior;Premium;Email Campaign;Finance;Mature;EMEA;Germany;Berlin;2025-06-10;2025-07-24;Won;83;71521,04;0,0;Extended Warranty;Services;855
Prospecting;Mid-Market;Principal;Basic;Partner Program;Government;Growth;APAC;India;Karnataka;2025-04-12;2025-07-24;Lost;247;29007,94;0,2;Cloud Sync Pro;Software;117
Negotiation;Mid-Market;Mid-Level;Premium;Partner Program;Manufacturing;Growth;APAC;India;Maharashtra;2025-05-16;2025-07-25;Won;46;64400,95;0,6;Onsite Training;Services;1382
Prospecting;Mid-Market;Principal;Basic;Webinar;Manufacturing;Growth;APAC;Japan;Osaka;2025-06-02;2025-07-25;Lost;238;27933,19;0,0;"Protective Case 6""";Accessories;117
Qualification;Mid-Market;Principal;Basic;Conference;Healthcare;Mature;EMEA;United Kingdom;Scotland;2025-06-17;2025-07-26;Won;636;63650,51;0,4;"E-reader Lite 6"" 8 GB";Devices;100
Proposal;Enterprise;Principal;Premium;Digital Ads;Education;Mature;EMEA;Spain;Madrid;2025-06-21;2025-07-26;Lost;180;125049,25;0,6;"Tablet Pro 11"" 128 GB";Devices;694
Prospecting;Mid-Market;Mid-Level;Basic;Partner Program;Finance;Mature;EMEA;United Kingdom;England;2025-07-03;2025-07-26;Won;329;35220,42;0,0;Premium Headphones;Accessories;107
Proposal;Enterprise;Junior;Premium;Digital Ads;Healthcare;Growth;APAC;Australia;Victoria;2025-07-18;2025-07-26;Lost;189;131307,47;0,4;"Tablet Pro 11"" 128 GB";Devices;694
Proposal;Enterprise;Senior;Standard;Digital Ads;Technology;Mature;North America;United States;Texas;2025-06-03;2025-07-27;Won;512;82071,82;0,5;Office Suite Enterprise;Software;160
Prospecting;Mid-Market;Junior;Standard;Email Campaign;Manufacturing;Growth;APAC;Japan;Tokyo;2025-05-17;2025-07-28;Won;91;36106,74;0,1;Installation Service;Services;393
Qualification;Enterprise;Principal;Standard;Digital Ads;Finance;Growth;APAC;India;Delhi;2025-03-21;2025-08-01;Lost;456;91719,72;0,2;Smart Speaker Mini;Devices;201
Proposal;Mid-Market;Junior;Standard;Webinar;Manufacturing;Mature;EMEA;Spain;Madrid;2025-07-17;2025-08-03;Lost;192;75554,91;0,6;Installation Service;Services;393
Qualification;Enterprise;Mid-Level;Premium;Conference;Healthcare;Emerging;LATAM;Mexico;Jalisco;2025-06-30;2025-08-03;Lost;102;84253,97;0,2;Premium Support;Services;819
Proposal;Mid-Market;Senior;Basic;Email Campaign;Manufacturing;Growth;APAC;India;Karnataka;2025-07-16;2025-08-03;Lost;500;64604,53;0,6;Parental Control Suite;Software;129
Proposal;Enterprise;Mid-Level;Standard;Digital Ads;Education;Growth;APAC;Japan;Osaka;2025-06-17;2025-08-06;Lost;269;105802,84;0,5;Installation Service;Services;393
Prospecting;Mid-Market;Mid-Level;Standard;Email Campaign;Manufacturing;Mature;EMEA;Denmark;Hovedstaden;2025-07-11;2025-08-06;Lost;322;78799,19;0,2;ReadingPlus Annual;Software;244
Negotiation;Mid-Market;Principal;Basic;Webinar;Education;Mature;North America;United States;California;2025-07-09;2025-08-06;Won;284;33330,66;0,6;"Protective Case 6""";Accessories;117
Qualification;Mid-Market;Senior;Premium;Partner Program;Technology;Mature;EMEA;France;Auvergne-Rhône-Alpes;2025-06-22;2025-08-06;Won;111;77361,55;0,4;"Tablet Pro 11"" 128 GB";Devices;694
Proposal;Mid-Market;Mid-Level;Standard;Conference;Government;Mature;North America;Canada;Quebec;2025-06-19;2025-08-08;Lost;195;35356,08;0,5;Office Suite Basic;Software;181
Prospecting;Mid-Market;Junior;Basic;Partner Program;Manufacturing;Mature;North America;United States;Washington;2025-06-10;2025-08-08;Lost;198;21233,46;0,1;Premium Headphones;Accessories;107
Final Review;Mid-Market;Mid-Level;Basic;Digital Ads;Finance;Mature;EMEA;France;Auvergne-Rhône-Alpes;2025-07-07;2025-08-08;Lost;474;55524,4;0,9;"Protective Case 6""";Accessories;117
Proposal;Mid-Market;Mid-Level;Basic;Webinar;Healthcare;Mature;North America;United States;Washington;2025-07-09;2025-08-08;Lost;569;60925,21;0,6;Premium Headphones;Accessories;107
Proposal;Mid-Market;Junior;Basic;Webinar;Government;Growth;APAC;India;Delhi;2025-06-14;2025-08-09;Lost;641;64199,38;0,5;"E-reader Lite 6"" 8 GB";Devices;100
Qualification;Mid-Market;Mid-Level;Basic;Webinar;Healthcare;Mature;North America;Canada;Quebec;2025-07-11;2025-08-09;Lost;528;61800,34;0,3;Cloud Sync Pro;Software;117
Prospecting;Mid-Market;Mid-Level;Basic;Digital Ads;Manufacturing;Mature;North America;Canada;Quebec;2025-06-15;2025-08-10;Lost;270;31600,15;0,1;"Protective Case 6""";Accessories;117
Proposal;Mid-Market;Senior;Premium;Partner Program;Healthcare;Mature;North America;United States;Texas;2025-07-18;2025-08-11;Lost;77;60392,65;0,4;"E-reader Platinum 8"" 32 GB";Devices;780
Proposal;Mid-Market;Principal;Basic;Webinar;Healthcare;Mature;North America;United States;Washington;2025-03-03;2025-08-11;Won;294;31507,25;0,5;Premium Headphones;Accessories;107
Negotiation;Mid-Market;Senior;Basic;Conference;Finance;Emerging;LATAM;Mexico;Mexico City;2025-07-20;2025-08-11;Won;396;46435,31;0,7;Cloud Sync Pro;Software;117
Proposal;Enterprise;Mid-Level;Premium;Partner Program;Finance;Mature;North America;United States;New York;2025-08-01;2025-08-13;Won;135;111120,88;0,6;Premium Support;Services;819
Prospecting;Mid-Market;Senior;Basic;Partner Program;Finance;Growth;APAC;India;Delhi;2025-07-20;2025-08-13;Won;842;55606,32;0,2;Wireless Charger Pad;Accessories;66
Prospecting;SMB;Senior;Basic;Conference;Technology;Mature;North America;United States;Washington;2025-07-11;2025-08-13;Lost;126;14793,97;0,1;"Protective Case 6""";Accessories;117
Proposal;Mid-Market;Principal;Basic;Email Campaign;Finance;Emerging;LATAM;Mexico;Mexico City;2025-08-01;2025-08-14;Won;516;66585,61;0,5;Parental Control Suite;Software;129
Qualification;Enterprise;Junior;Premium;Digital Ads;Finance;Growth;APAC;Australia;Victoria;2025-05-18;2025-08-15;Lost;130;106594,29;0,3;Premium Support;Services;819
Final Review;Mid-Market;Principal;Premium;Digital Ads;Healthcare;Mature;North America;Canada;Ontario;2025-06-05;2025-08-15;Won;68;53270,63;0,8;"E-reader Platinum 8"" 32 GB";Devices;780
Negotiation;Mid-Market;Junior;Basic;Partner Program;Healthcare;Mature;North America;Canada;British Columbia;2025-07-19;2025-08-15;Lost;734;48495,91;0,8;Wireless Charger Pad;Accessories;66
Prospecting;Mid-Market;Principal;Basic;Webinar;Manufacturing;Growth;APAC;India;Delhi;2025-05-09;2025-08-18;Lost;1195;34677,44;0,0;Stylus Pro;Accessories;29
Negotiation;Mid-Market;Principal;Basic;Partner Program;Education;Growth;APAC;Japan;Osaka;2025-06-23;2025-08-20;Lost;309;26653,87;0,7;Travel Adapter Kit;Accessories;86
Negotiation;SMB;Mid-Level;Basic;Email Campaign;Government;Mature;North America;Canada;Quebec;2025-07-15;2025-08-20;Lost;543;15758,41;0,6;Stylus Pro;Accessories;29
Final Review;Mid-Market;Mid-Level;Basic;Conference;Technology;Growth;APAC;Japan;Tokyo;2025-06-19;2025-08-20;Won;242;31271,41;0,8;Parental Control Suite;Software;129
Qualification;Enterprise;Principal;Basic;Webinar;Manufacturing;Mature;North America;United States;Texas;2025-07-31;2025-08-20;Lost;951;95111,95;0,2;"E-reader Lite 6"" 8 GB";Devices;100
Qualification;Mid-Market;Junior;Premium;Digital Ads;Manufacturing;Mature;EMEA;Denmark;Jylland;2025-07-07;2025-08-20;Won;143;78349,51;0,3;Smart Speaker Max;Devices;546
Qualification;Mid-Market;Mid-Level;Basic;Conference;Finance;Mature;EMEA;Denmark;Jylland;2025-08-20;2025-08-20;Lost;432;50624,16;0,3;"Protective Case 6""";Accessories;117
Prospecting;Mid-Market;Senior;Basic;Partner Program;Healthcare;Growth;APAC;India;Maharashtra;2025-08-04;2025-08-20;Lost;387;49938,23;0,0;Parental Control Suite;Software;129
Proposal;Mid-Market;Mid-Level;Premium;Webinar;Finance;Mature;EMEA;France;Auvergne-Rhône-Alpes;2025-07-12;2025-08-20;Won;127;69881,08;0,5;Smart Speaker Max;Devices;546
Qualification;Enterprise;Junior;Premium;Webinar;Finance;Mature;North America;United States;Washington;2025-07-23;2025-08-20;Won;254;198855,75;0,3;"E-reader Platinum 8"" 32 GB";Devices;780
Final Review;Mid-Market;Principal;Basic;Conference;Finance;Mature;EMEA;Denmark;Jylland;2025-07-24;2025-08-20;Won;515;55208,32;0,9;Premium Headphones;Accessories;107
Prospecting;Mid-Market;Mid-Level;Standard;Partner Program;Government;Mature;North America;Canada;Quebec;2025-04-01;2025-08-20;Lost;193;30890,53;0,0;Office Suite Enterprise;Software;160
Negotiation;Mid-Market;Junior;Standard;Digital Ads;Retail;Mature;EMEA;Denmark;Hovedstaden;2025-07-16;2025-08-20;Won;311;56333,28;0,8;Office Suite Basic;Software;181
Proposal;Mid-Market;Senior;Basic;Email Campaign;Government;Mature;EMEA;France;Auvergne-Rhône-Alpes;2025-07-13;2025-08-20;Won;376;40262,09;0,5;Premium Headphones;Accessories;107
Qualification;Enterprise;Mid-Level;Premium;Conference;Finance;Mature;North America;Canada;Quebec;2025-08-05;2025-08-20;Lost;74;103621,75;0,3;Onsite Training;Services;1382
Prospecting;Mid-Market;Principal;Basic;Email Campaign;Finance;Mature;North America;Canada;British Columbia;2025-06-17;2025-08-20;Lost;534;57158,78;0,0;Premium Headphones;Accessories;107
Prospecting;Mid-Market;Junior;Basic;Conference;Healthcare;Mature;North America;United States;Texas;2025-08-07;2025-08-20;Lost;365;31464,96;0,0;Travel Adapter Kit;Accessories;86
Negotiation;Mid-Market;Principal;Basic;Email Campaign;Manufacturing;Mature;EMEA;Germany;Bavaria;2025-08-12;2025-08-20;Won;788;52067,78;0,8;Wireless Charger Pad;Accessories;66
Negotiation;Mid-Market;Mid-Level;Basic;Email Campaign;Healthcare;Mature;North America;Canada;Quebec;2025-07-20;2025-08-20;Won;292;37676,15;0,7;Parental Control Suite;Software;129
Negotiation;Mid-Market;Principal;Premium;Conference;Manufacturing;Growth;APAC;India;Karnataka;2025-07-04;2025-08-20;Won;54;46792,62;0,7;Extended Warranty;Services;855
Proposal;SMB;Mid-Level;Basic;Digital Ads;Government;Mature;EMEA;Spain;Madrid;2025-08-04;2025-08-20;Lost;300;19836,78;0,5;Wireless Charger Pad;Accessories;66
Negotiation;Enterprise;Mid-Level;Standard;Conference;Healthcare;Emerging;LATAM;Mexico;Mexico City;2025-08-18;2025-08-20;Won;220;86525,11;0,7;Installation Service;Services;393
Negotiation;Enterprise;Mid-Level;Standard;Conference;Finance;Growth;APAC;India;Delhi;2025-06-16;2025-08-20;Won;425;103829,97;0,8;ReadingPlus Annual;Software;244
Negotiation;Mid-Market;Senior;Standard;Conference;Manufacturing;Mature;North America;Canada;British Columbia;2025-08-15;2025-08-20;Won;323;64946,64;0,7;Smart Speaker Mini;Devices;201
Proposal;Enterprise;Junior;Basic;Webinar;Finance;Mature;North America;Canada;Quebec;2025-07-16;2025-08-20;Won;1407;140727,89;0,5;"E-reader Lite 6"" 8 GB";Devices;100
Prospecting;SMB;Mid-Level;Basic;Conference;Manufacturing;Emerging;LATAM;Mexico;Jalisco;2025-07-20;2025-08-20;Lost;424;12324,66;0,0;Stylus Pro;Accessories;29
Prospecting;Mid-Market;Junior;Standard;Digital Ads;Manufacturing;Growth;APAC;Japan;Osaka;2025-08-11;2025-08-20;Lost;179;28741,1;0,0;Office Suite Enterprise;Software;160
Qualification;Enterprise;Junior;Premium;Webinar;Healthcare;Mature;EMEA;France;Île-de-France;2025-08-11;2025-08-20;Lost;180;98702,51;0,3;Smart Speaker Max;Devices;546
Negotiation;Mid-Market;Mid-Level;Basic;Webinar;Healthcare;Growth;APAC;Japan;Osaka;2025-07-30;2025-08-20;Won;460;53886,72;0,7;"Protective Case 6""";Accessories;117
Final Review;Enterprise;Mid-Level;Premium;Partner Program;Retail;Mature;North America;United States;California;2025-07-27;2025-08-20;Won;101;82752,35;0,9;Premium Support;Services;819
Proposal;Enterprise;Senior;Premium;Conference;Finance;Mature;EMEA;Germany;Bavaria;2025-06-07;2025-08-20;Won;106;90971,59;0,5;Extended Warranty;Services;855
Prospecting;Mid-Market;Principal;Basic;Email Campaign;Education;Growth;APAC;India;Maharashtra;2025-07-16;2025-08-20;Lost;346;37038,56;0,1;Premium Headphones;Accessories;107
Proposal;Enterprise;Senior;Basic;Partner Program;Healthcare;Mature;North America;Canada;Quebec;2025-07-18;2025-08-20;Lost;912;117764,31;0,5;Parental Control Suite;Software;129
Prospecting;Mid-Market;Senior;Basic;Conference;Technology;Mature;North America;United States;New York;2025-08-02;2025-08-20;Lost;247;26443,05;0,2;Premium Headphones;Accessories;107
Qualification;Mid-Market;Mid-Level;Premium;Email Campaign;Healthcare;Mature;EMEA;Spain;Catalonia;2025-08-12;2025-08-20;Lost;30;42554,56;0,2;Onsite Training;Services;1382
Negotiation;Mid-Market;Senior;Basic;Email Campaign;Manufacturing;Mature;EMEA;Spain;Madrid;2025-08-10;2025-08-20;Won;653;65338,78;0,7;"E-reader Lite 6"" 8 GB";Devices;100
Proposal;Enterprise;Senior;Premium;Partner Program;Healthcare;Emerging;LATAM;Brazil;São Paulo;2025-08-18;2025-08-20;Won;179;98080,32;0,5;Smart Speaker Max;Devices;546
Prospecting;Mid-Market;Principal;Standard;Digital Ads;Manufacturing;Mature;EMEA;Spain;Catalonia;2025-07-08;2025-08-20;Lost;201;79012,03;0,1;Installation Service;Services;393
Negotiation;Mid-Market;Principal;Standard;Webinar;Manufacturing;Mature;North America;United States;Washington;2025-07-31;2025-08-20;Lost;198;48390,31;0,7;ReadingPlus Annual;Software;244
Prospecting;Mid-Market;Principal;Basic;Email Campaign;Government;Emerging;LATAM;Brazil;São Paulo;2025-08-05;2025-08-20;Won;420;27783,33;0,1;Wireless Charger Pad;Accessories;66
Prospecting;Mid-Market;Mid-Level;Basic;Digital Ads;Manufacturing;Mature;North America;Canada;Ontario;2025-08-13;2025-08-20;Lost;445;57458,39;0,1;Parental Control Suite;Software;129
Qualification;Mid-Market;Principal;Premium;Email Campaign;Technology;Mature;EMEA;Germany;Bavaria;2025-08-20;2025-08-20;Won;95;74863,81;0,2;"E-reader Platinum 8"" 32 GB";Devices;780
Final Review;Enterprise;Junior;Premium;Conference;Technology;Mature;North America;United States;Texas;2025-06-27;2025-08-20;Won;148;81211,96;0,9;Smart Speaker Max;Devices;546
Prospecting;Mid-Market;Principal;Premium;Conference;Healthcare;Mature;North America;United States;Texas;2025-08-09;2025-08-20;Lost;47;38744,45;0,1;Premium Support;Services;819
Negotiation;Mid-Market;Mid-Level;Premium;Partner Program;Technology;Mature;North America;United States;Texas;2025-08-17;2025-08-20;Won;113;62209,3;0,6;Smart Speaker Max;Devices;546
Negotiation;Enterprise;Mid-Level;Premium;Digital Ads;Healthcare;Mature;North America;United States;New York;2025-07-14;2025-08-20;Won;188;130898,8;0,6;"Tablet Pro 11"" 128 GB";Devices;694
Negotiation;Mid-Market;Junior;Basic;Email Campaign;Healthcare;Growth;APAC;Japan;Osaka;2025-08-07;2025-08-20;Won;317;37171,11;0,8;"Protective Case 6""";Accessories;117
Proposal;Mid-Market;Principal;Premium;Conference;Healthcare;Mature;North America;Canada;Ontario;2025-07-19;2025-08-20;Lost;104;72593,04;0,5;"Tablet Pro 11"" 128 GB";Devices;694
Proposal;Enterprise;Junior;Premium;Conference;Finance;Emerging;LATAM;Mexico;Jalisco;2025-07-06;2025-08-20;Won;126;103965,37;0,5;Premium Support;Services;819
Prospecting;Mid-Market;Principal;Basic;Webinar;Finance;Emerging;LATAM;Mexico;Jalisco;2025-07-17;2025-08-20;Lost;766;65891,4;0,2;Travel Adapter Kit;Accessories;86
Prospecting;Mid-Market;Principal;Basic;Webinar;Manufacturing;Mature;North America;United States;New York;2025-08-19;2025-08-20;Lost;263;33979,33;0,1;Parental Control Suite;Software;129
Negotiation;Mid-Market;Junior;Premium;Webinar;Retail;Mature;EMEA;Germany;Bavaria;2025-08-16;2025-08-20;Won;65;53490,47;0,7;Premium Support;Services;819
Final Review;Mid-Market;Principal;Standard;Conference;Healthcare;Mature;North America;Canada;British Columbia;2025-07-19;2025-08-20;Won;243;49026,67;1,0;Smart Speaker Mini;Devices;201
Prospecting;Enterprise;Junior;Premium;Conference;Healthcare;Mature;North America;Canada;British Columbia;2025-08-11;2025-08-20;Lost;60;84002,31;0,0;Onsite Training;Services;1382
Proposal;Mid-Market;Junior;Premium;Digital Ads;Government;Mature;North America;United States;California;2025-08-10;2025-08-20;Won;40;31629,19;0,4;"E-reader Platinum 8"" 32 GB";Devices;780
Negotiation;Mid-Market;Senior;Standard;Email Campaign;Government;Mature;EMEA;Denmark;Hovedstaden;2025-08-08;2025-08-20;Won;326;65714,26;0,8;Smart Speaker Mini;Devices;201
Final Review;Mid-Market;Senior;Basic;Webinar;Government;Mature;EMEA;France;Île-de-France;2025-06-23;2025-08-20;Won;664;43883,94;0,8;Wireless Charger Pad;Accessories;66
Qualification;Mid-Market;Mid-Level;Premium;Email Campaign;Technology;Emerging;LATAM;Mexico;Mexico City;2025-06-11;2025-08-20;Won;60;49370,33;0,3;Premium Support;Services;819
Prospecting;Mid-Market;Senior;Standard;Email Campaign;Retail;Mature;North America;United States;New York;2025-07-28;2025-08-20;Lost;289;58192,37;0,1;Smart Speaker Mini;Devices;201
Qualification;Enterprise;Junior;Standard;Partner Program;Healthcare;Growth;APAC;Australia;Victoria;2025-07-24;2025-08-20;Lost;237;93194,54;0,3;Installation Service;Services;393
Prospecting;Mid-Market;Junior;Basic;Partner Program;Education;Growth;APAC;India;Delhi;2025-07-28;2025-08-20;Lost;366;39184,63;0,2;Premium Headphones;Accessories;107
Negotiation;Mid-Market;Junior;Premium;Partner Program;Government;Mature;EMEA;Spain;Catalonia;2025-07-26;2025-08-20;Lost;30;25119,53;0,8;Premium Support;Services;819
Prospecting;Enterprise;Principal;Premium;Conference;Healthcare;Mature;North America;Canada;Ontario;2025-05-05;2025-08-20;Won;165;135293,81;0,2;Premium Support;Services;819
Prospecting;Mid-Market;Mid-Level;Basic;Digital Ads;Healthcare;Emerging;LATAM;Brazil;São Paulo;2025-06-08;2025-08-20;Lost;515;55195,97;0,0;Premium Headphones;Accessories;107
Proposal;Mid-Market;Principal;Standard;Partner Program;Technology;Emerging;LATAM;Brazil;Rio de Janeiro;2025-07-07;2025-08-20;Won;179;70576,01;0,4;Installation Service;Services;393
Final Review;SMB;Mid-Level;Basic;Email Campaign;Government;Emerging;LATAM;Brazil;São Paulo;2025-07-25;2025-08-20;Won;281;18564,51;0,8;Wireless Charger Pad;Accessories;66
Proposal;Mid-Market;Mid-Level;Standard;Email Campaign;Manufacturing;Growth;APAC;India;Karnataka;2025-08-20;2025-08-20;Lost;375;75549,41;0,6;Smart Speaker Mini;Devices;201
Proposal;Enterprise;Senior;Basic;Digital Ads;Finance;Growth;APAC;Japan;Tokyo;2025-05-15;2025-08-20;Lost;1162;116282,84;0,6;"E-reader Lite 6"" 8 GB";Devices;100
Proposal;Mid-Market;Junior;Basic;Email Campaign;Manufacturing;Mature;EMEA;Germany;Bavaria;2025-07-16;2025-08-20;Lost;1242;36019,78;0,4;Stylus Pro;Accessories;29
Proposal;Mid-Market;Mid-Level;Premium;Conference;Technology;Mature;North America;United States;Washington;2025-08-20;2025-08-20;Lost;140;76925,88;0,4;Smart Speaker Max;Devices;546
Prospecting;Mid-Market;Mid-Level;Basic;Conference;Finance;Mature;EMEA;Spain;Madrid;2025-07-29;2025-08-20;Lost;541;63406,46;0,1;Cloud Sync Pro;Software;117
Negotiation;Enterprise;Junior;Premium;Webinar;Healthcare;Mature;North America;United States;California;2025-07-31;2025-08-20;Won;184;157793,13;0,7;Extended Warranty;Services;855
Qualification;Enterprise;Principal;Standard;Partner Program;Healthcare;Growth;APAC;Japan;Osaka;2025-06-28;2025-08-20;Won;456;91709,33;0,2;Smart Speaker Mini;Devices;201
Final Review;Enterprise;Junior;Basic;Partner Program;Healthcare;Emerging;LATAM;Brazil;Rio de Janeiro;2025-08-16;2025-08-20;Won;686;80293,69;0,8;"Protective Case 6""";Accessories;117
Qualification;Enterprise;Junior;Premium;Webinar;Retail;Mature;EMEA;Germany;Hesse;2025-07-31;2025-08-20;Won;225;193002,53;0,4;Extended Warranty;Services;855
Qualification;Mid-Market;Junior;Standard;Webinar;Technology;Mature;North America;United States;New York;2025-08-15;2025-08-20;Lost;270;48896,52;0,2;Office Suite Basic;Software;181
Prospecting;Mid-Market;Junior;Standard;Partner Program;Manufacturing;Mature;EMEA;Germany;Berlin;2025-07-26;2025-08-20;Lost;166;65372,44;0,0;Installation Service;Services;393
Negotiation;Mid-Market;Junior;Basic;Email Campaign;Finance;Growth;APAC;Australia;Victoria;2025-06-07;2025-08-20;Lost;578;57856,86;0,8;"E-reader Lite 6"" 8 GB";Devices;100
Prospecting;Mid-Market;Mid-Level;Premium;Partner Program;Manufacturing;Mature;North America;Canada;Ontario;2025-07-19;2025-08-20;Lost;68;53308,15;0,0;"E-reader Platinum 8"" 32 GB";Devices;780
Prospecting;Enterprise;Mid-Level;Standard;Email Campaign;Healthcare;Growth;APAC;Australia;New South Wales;2025-08-15;2025-08-20;Won;514;82378,56;0,1;Office Suite Enterprise;Software;160